GrainSize,C,Mn,Si,Ni,Cr,Mo,W,As,V,Cu,t85,HV_total
5.0,0.28,0.81,1.05,0.11,1.06,0.0,0.0,0.0,0.0,0.17,39.113,464.78
6.0,0.3,0.98,0.94,0.13,0.83,0.0,0.0,0.0,0.0,0.28,5.391,571.717
7.0,0.32,1.0,1.09,0.15,1.0,0.0,0.0,0.0,0.0,0.18,3.393,600.247
7.0,0.29,0.84,0.97,0.18,1.06,0.0,0.0,0.0,0.0,0.26,7.366,561.269
5.0,0.31,1.09,0.91,0.26,0.98,0.0,0.0,0.0,0.0,0.27,4.848,584.288
7.0,0.33,0.81,1.19,0.28,0.95,0.0,0.0,0.0,0.0,0.27,5.843,604.987
5.0,0.28,0.87,1.12,0.28,0.97,0.0,0.0,0.0,0.0,0.3,4.861,560.321
7.0,0.31,1.03,0.97,0.16,0.85,0.0,0.0,0.0,0.0,0.13,12.642,570.353
6.0,0.29,1.0,1.01,0.14,0.89,0.0,0.0,0.0,0.0,0.3,8.054,560.622
5.0,0.33,0.91,0.95,0.13,1.08,0.0,0.0,0.0,0.0,0.28,11.669,594.255
7.0,0.32,1.04,1.13,0.24,1.07,0.0,0.0,0.0,0.0,0.26,6.588,596.97
6.0,0.33,0.96,0.95,0.21,0.91,0.0,0.0,0.0,0.0,0.25,6.725,597.727
7.0,0.31,0.89,1.11,0.17,1.08,0.0,0.0,0.0,0.0,0.18,3.325,592.358
6.0,0.33,1.1,0.92,0.24,1.0,0.0,0.0,0.0,0.0,0.16,25.619,587.481
6.0,0.29,0.81,1.12,0.21,1.02,0.0,0.0,0.0,0.0,0.17,11.437,557.43
6.0,0.3,0.97,1.12,0.15,0.81,0.0,0.0,0.0,0.0,0.14,5.317,576.445
5.0,0.33,0.95,1.1,0.15,0.88,0.0,0.0,0.0,0.0,0.26,7.22,600.042
6.0,0.33,0.9,1.11,0.19,0.85,0.0,0.0,0.0,0.0,0.18,12.605,594.033
5.0,0.33,0.97,1.02,0.23,0.96,0.0,0.0,0.0,0.0,0.28,6.592,600.847
5.0,0.32,0.87,1.06,0.17,0.91,0.0,0.0,0.0,0.0,0.18,5.85,591.809
5.0,0.28,0.83,1.04,0.26,1.07,0.0,0.0,0.0,0.0,0.24,26.155,524.971
5.0,0.3,0.8,1.05,0.3,1.07,0.0,0.0,0.0,0.0,0.2,19.268,561.682
5.0,0.3,1.05,0.98,0.16,1.04,0.0,0.0,0.0,0.0,0.19,142.18,389.934
7.0,0.3,1.1,0.93,0.28,1.01,0.0,0.0,0.0,0.0,0.3,23.904,555.76
6.0,0.31,0.81,1.16,0.11,0.93,0.0,0.0,0.0,0.0,0.15,7.86,581.624
5.0,0.3,0.83,1.02,0.28,1.09,0.0,0.0,0.0,0.0,0.13,8.009,572.898
5.0,0.28,1.1,1.2,0.15,1.03,0.0,0.0,0.0,0.0,0.19,3.323,568.367
6.0,0.32,1.03,1.12,0.15,1.0,0.0,0.0,0.0,0.0,0.22,14.32,588.923
5.0,0.3,0.81,1.19,0.14,0.86,0.0,0.0,0.0,0.0,0.16,8.985,570.054
5.0,0.33,0.97,1.05,0.1,1.1,0.0,0.0,0.0,0.0,0.16,3.149,609.534
6.0,0.29,1.04,1.08,0.12,1.07,0.0,0.0,0.0,0.0,0.18,27.599,543.736
7.0,0.31,0.81,1.07,0.18,0.82,0.0,0.0,0.0,0.0,0.16,10.176,560.695
7.0,0.33,0.95,0.91,0.19,0.83,0.0,0.0,0.0,0.0,0.19,206.897,209.229
6.0,0.29,0.92,1.06,0.17,0.94,0.0,0.0,0.0,0.0,0.18,3.04,571.616
5.0,0.32,0.96,1.16,0.2,0.89,0.0,0.0,0.0,0.0,0.19,15.136,586.599
5.0,0.31,0.84,1.02,0.24,0.84,0.0,0.0,0.0,0.0,0.15,3.561,585.506
6.0,0.32,1.05,1.09,0.22,1.08,0.0,0.0,0.0,0.0,0.12,18.094,587.701
7.0,0.31,0.9,0.98,0.18,0.83,0.0,0.0,0.0,0.0,0.25,66.667,322.371
7.0,0.28,0.93,1.09,0.15,1.0,0.0,0.0,0.0,0.0,0.24,5.505,558.569
7.0,0.28,0.97,1.12,0.29,0.97,0.0,0.0,0.0,0.0,0.16,33.37,487.575
7.0,0.33,0.84,1.11,0.23,1.06,0.0,0.0,0.0,0.0,0.22,28.143,568.87
7.0,0.32,1.01,1.09,0.28,0.81,0.0,0.0,0.0,0.0,0.29,23.715,559.694
7.0,0.31,0.86,1.17,0.3,1.07,0.0,0.0,0.0,0.0,0.17,5.641,589.127
5.0,0.29,0.9,1.08,0.16,0.98,0.0,0.0,0.0,0.0,0.29,14.259,554.854
6.0,0.28,0.84,1.11,0.26,0.83,0.0,0.0,0.0,0.0,0.27,3.097,561.99
6.0,0.34,0.92,0.96,0.19,0.99,0.0,0.0,0.0,0.0,0.17,4.614,610.89
5.0,0.34,1.07,1.05,0.26,0.88,0.0,0.0,0.0,0.0,0.3,3.299,616.161
5.0,0.34,0.88,1.19,0.13,0.81,0.0,0.0,0.0,0.0,0.3,3.858,614.899
5.0,0.29,1.06,0.91,0.23,0.98,0.0,0.0,0.0,0.0,0.21,4.025,567.683
7.0,0.33,0.84,1.2,0.3,1.07,0.0,0.0,0.0,0.0,0.22,5.045,608.978
5.0,0.32,0.89,0.97,0.19,1.08,0.0,0.0,0.0,0.0,0.19,15.283,584.583
7.0,0.32,0.99,1.01,0.17,0.82,0.0,0.0,0.0,0.0,0.24,5.968,591.659
6.0,0.3,0.96,1.19,0.13,0.98,0.0,0.0,0.0,0.0,0.14,14.844,566.73
6.0,0.29,0.9,1.07,0.1,0.97,0.0,0.0,0.0,0.0,0.21,857.143,188.827
6.0,0.28,0.84,1.02,0.26,1.05,0.0,0.0,0.0,0.0,0.19,11.641,547.494
5.0,0.32,0.99,1.19,0.13,1.03,0.0,0.0,0.0,0.0,0.26,10.338,592.443
5.0,0.31,0.91,1.15,0.2,0.92,0.0,0.0,0.0,0.0,0.12,3.246,591.56
6.0,0.29,0.98,0.93,0.24,1.09,0.0,0.0,0.0,0.0,0.14,3.504,570.434
6.0,0.3,0.96,1.16,0.27,1.05,0.0,0.0,0.0,0.0,0.16,3.404,585.13
5.0,0.29,1.04,1.01,0.27,0.99,0.0,0.0,0.0,0.0,0.12,6.505,566.27
5.0,0.31,1.08,0.99,0.23,0.94,0.0,0.0,0.0,0.0,0.19,16.502,574.894
6.0,0.31,1.06,1.15,0.13,1.06,0.0,0.0,0.0,0.0,0.27,4.185,591.972
6.0,0.33,0.83,1.15,0.15,1.02,0.0,0.0,0.0,0.0,0.12,7.109,602.437
6.0,0.29,0.86,1.01,0.12,1.05,0.0,0.0,0.0,0.0,0.12,7.968,561.182
7.0,0.31,0.91,1.11,0.29,0.91,0.0,0.0,0.0,0.0,0.14,36.63,499.034
5.0,0.29,0.85,1.2,0.3,0.95,0.0,0.0,0.0,0.0,0.1,3.77,573.853
5.0,0.3,1.09,1.09,0.19,0.94,0.0,0.0,0.0,0.0,0.24,179.641,381.045
6.0,0.33,1.0,1.15,0.21,1.08,0.0,0.0,0.0,0.0,0.29,51.195,568.525
7.0,0.31,1.09,0.94,0.2,1.07,0.0,0.0,0.0,0.0,0.11,12.102,578.433
5.0,0.32,1.03,1.1,0.18,0.86,0.0,0.0,0.0,0.0,0.28,1500.0,200.613
6.0,0.29,0.9,1.2,0.17,1.09,0.0,0.0,0.0,0.0,0.14,3.082,577.428
5.0,0.33,1.02,0.93,0.3,0.8,0.0,0.0,0.0,0.0,0.15,4.079,601.342
5.0,0.31,0.93,1.0,0.29,1.06,0.0,0.0,0.0,0.0,0.22,3.848,588.559
6.0,0.3,1.09,0.95,0.29,0.88,0.0,0.0,0.0,0.0,0.12,8.352,571.355
6.0,0.29,0.99,0.95,0.21,0.9,0.0,0.0,0.0,0.0,0.24,5.052,564.492
7.0,0.31,1.04,1.04,0.16,0.83,0.0,0.0,0.0,0.0,0.23,4.621,585.072
6.0,0.32,1.02,0.9,0.17,0.81,0.0,0.0,0.0,0.0,0.23,6.237,586.984
7.0,0.3,0.96,0.9,0.16,0.91,0.0,0.0,0.0,0.0,0.11,5.609,570.833
7.0,0.31,1.01,1.16,0.26,1.08,0.0,0.0,0.0,0.0,0.18,5.445,590.661
7.0,0.3,1.0,0.93,0.16,1.04,0.0,0.0,0.0,0.0,0.21,3.51,578.077
6.0,0.29,0.91,0.9,0.21,0.88,0.0,0.0,0.0,0.0,0.23,5.364,561.726
6.0,0.3,0.86,1.17,0.29,0.92,0.0,0.0,0.0,0.0,0.28,4.364,580.138
5.0,0.29,0.85,0.94,0.25,0.97,0.0,0.0,0.0,0.0,0.16,56.075,430.884
6.0,0.3,0.9,1.15,0.28,0.89,0.0,0.0,0.0,0.0,0.25,4.321,579.572
5.0,0.31,1.09,1.07,0.23,1.09,0.0,0.0,0.0,0.0,0.12,82.418,530.43
7.0,0.32,1.04,1.17,0.12,0.97,0.0,0.0,0.0,0.0,0.18,3.4,601.49
5.0,0.33,1.06,1.15,0.2,0.92,0.0,0.0,0.0,0.0,0.19,4.454,607.381
6.0,0.29,1.01,1.17,0.17,0.81,0.0,0.0,0.0,0.0,0.12,10.402,558.692
5.0,0.28,0.9,1.1,0.19,0.91,0.0,0.0,0.0,0.0,0.11,34.682,483.728
6.0,0.33,0.97,0.93,0.17,0.86,0.0,0.0,0.0,0.0,0.11,9.94,594.131
6.0,0.32,1.02,0.91,0.11,0.86,0.0,0.0,0.0,0.0,0.15,8.484,586.063
5.0,0.3,1.0,1.05,0.23,0.84,0.0,0.0,0.0,0.0,0.29,3.213,579.475
6.0,0.33,1.05,1.18,0.25,1.07,0.0,0.0,0.0,0.0,0.11,4.116,611.565
7.0,0.3,0.83,0.96,0.19,0.81,0.0,0.0,0.0,0.0,0.28,6.153,566.59
7.0,0.3,0.83,1.15,0.21,0.93,0.0,0.0,0.0,0.0,0.21,4.487,579.647
7.0,0.31,0.92,0.93,0.17,1.04,0.0,0.0,0.0,0.0,0.2,8.097,579.706
5.0,0.3,0.95,1.07,0.1,0.98,0.0,0.0,0.0,0.0,0.2,3.188,580.729
7.0,0.31,1.06,1.16,0.22,0.96,0.0,0.0,0.0,0.0,0.24,3.705,592.471
6.0,0.29,1.09,1.13,0.13,0.93,0.0,0.0,0.0,0.0,0.2,3.819,572.811
7.0,0.31,0.94,1.02,0.17,0.91,0.0,0.0,0.0,0.0,0.17,8.104,579.353
5.0,0.33,0.85,1.0,0.17,0.81,0.0,0.0,0.0,0.0,0.27,3.133,603.485
5.0,0.31,0.94,0.96,0.28,0.82,0.0,0.0,0.0,0.0,0.12,10.552,574.517
5.0,0.32,0.95,1.02,0.21,0.98,0.0,0.0,0.0,0.0,0.29,115.83,404.739
7.0,0.31,0.89,1.12,0.26,1.1,0.0,0.0,0.0,0.0,0.14,9.158,585.146
5.0,0.31,1.04,0.99,0.15,1.0,0.0,0.0,0.0,0.0,0.16,15.33,575.607
5.0,0.29,0.98,1.12,0.14,0.86,0.0,0.0,0.0,0.0,0.13,12.848,555.502
6.0,0.31,0.91,0.93,0.27,0.89,0.0,0.0,0.0,0.0,0.24,3.394,585.324
6.0,0.3,0.88,1.18,0.28,0.83,0.0,0.0,0.0,0.0,0.16,20.747,538.503
5.0,0.33,1.01,0.9,0.28,0.92,0.0,0.0,0.0,0.0,0.13,8.448,595.581
5.0,0.33,0.99,0.98,0.11,1.01,0.0,0.0,0.0,0.0,0.21,3.301,606.098
5.0,0.28,1.08,1.02,0.19,0.89,0.0,0.0,0.0,0.0,0.29,3.827,560.112
6.0,0.33,0.86,1.02,0.15,0.91,0.0,0.0,0.0,0.0,0.23,3.073,605.736
7.0,0.33,1.08,1.13,0.18,0.92,0.0,0.0,0.0,0.0,0.24,5.582,604.861
5.0,0.32,0.82,1.01,0.16,0.84,0.0,0.0,0.0,0.0,0.18,10.479,582.376
5.0,0.29,0.9,0.9,0.29,1.03,0.0,0.0,0.0,0.0,0.2,6.535,562.533
7.0,0.31,1.05,1.12,0.15,0.83,0.0,0.0,0.0,0.0,0.11,3.262,589.82
5.0,0.29,0.98,1.03,0.29,0.96,0.0,0.0,0.0,0.0,0.12,3.003,572.853
5.0,0.28,0.89,1.12,0.18,0.89,0.0,0.0,0.0,0.0,0.15,3.154,562.962
7.0,0.31,0.92,1.07,0.11,0.86,0.0,0.0,0.0,0.0,0.29,3.231,587.891
6.0,0.3,0.86,0.97,0.28,0.97,0.0,0.0,0.0,0.0,0.24,28.517,527.419
7.0,0.3,1.01,0.98,0.27,1.01,0.0,0.0,0.0,0.0,0.26,3.943,578.87
6.0,0.33,1.0,1.12,0.18,0.96,0.0,0.0,0.0,0.0,0.29,3.723,608.634
6.0,0.29,0.88,1.14,0.25,0.99,0.0,0.0,0.0,0.0,0.11,5.028,570.192
6.0,0.3,0.84,1.2,0.24,0.94,0.0,0.0,0.0,0.0,0.27,9.219,572.539
6.0,0.33,1.06,1.13,0.27,0.95,0.0,0.0,0.0,0.0,0.3,6.489,604.471
7.0,0.3,0.98,1.06,0.18,1.02,0.0,0.0,0.0,0.0,0.19,24.39,545.368
7.0,0.33,0.84,1.02,0.23,0.95,0.0,0.0,0.0,0.0,0.24,9.859,596.184
6.0,0.29,0.91,0.95,0.21,0.83,0.0,0.0,0.0,0.0,0.12,5.728,561.144
5.0,0.29,0.89,1.09,0.12,0.96,0.0,0.0,0.0,0.0,0.15,43.29,470.426
7.0,0.31,0.95,1.1,0.27,1.09,0.0,0.0,0.0,0.0,0.19,8.757,586.123
6.0,0.31,0.97,1.19,0.21,0.87,0.0,0.0,0.0,0.0,0.15,4.521,588.976
7.0,0.31,0.83,1.1,0.11,1.02,0.0,0.0,0.0,0.0,0.26,4.55,587.153
6.0,0.33,0.82,0.96,0.29,0.89,0.0,0.0,0.0,0.0,0.2,53.286,458.836
5.0,0.32,0.82,0.99,0.27,0.81,0.0,0.0,0.0,0.0,0.13,72.464,335.258
7.0,0.33,0.83,0.92,0.22,0.83,0.0,0.0,0.0,0.0,0.27,4.117,599.357
5.0,0.3,1.08,0.99,0.15,0.99,0.0,0.0,0.0,0.0,0.11,71.09,495.441
7.0,0.31,0.86,1.09,0.2,0.82,0.0,0.0,0.0,0.0,0.25,4.047,585.807
6.0,0.3,0.95,0.99,0.11,1.09,0.0,0.0,0.0,0.0,0.22,3.726,578.997
7.0,0.32,0.87,0.97,0.13,0.82,0.0,0.0,0.0,0.0,0.2,3.46,593.001
6.0,0.33,1.0,1.09,0.29,0.99,0.0,0.0,0.0,0.0,0.29,11.107,598.676
7.0,0.34,0.89,1.19,0.29,0.86,0.0,0.0,0.0,0.0,0.21,6.228,612.739
7.0,0.3,0.88,0.94,0.19,1.04,0.0,0.0,0.0,0.0,0.11,8.929,568.144
7.0,0.3,0.95,1.0,0.22,1.04,0.0,0.0,0.0,0.0,0.16,5.579,575.681
7.0,0.31,1.07,0.99,0.17,0.94,0.0,0.0,0.0,0.0,0.19,9.696,579.259
6.0,0.31,1.02,1.09,0.1,1.09,0.0,0.0,0.0,0.0,0.1,44.379,543.736
6.0,0.3,1.02,1.08,0.15,1.01,0.0,0.0,0.0,0.0,0.12,4.841,578.849
6.0,0.31,1.04,1.07,0.16,0.98,0.0,0.0,0.0,0.0,0.12,30.992,559.397
6.0,0.29,0.96,0.91,0.22,0.87,0.0,0.0,0.0,0.0,0.18,5.271,562.305
7.0,0.29,1.06,1.13,0.13,1.05,0.0,0.0,0.0,0.0,0.18,4.193,572.97
5.0,0.34,0.89,1.14,0.25,1.1,0.0,0.0,0.0,0.0,0.2,11.062,609.695
5.0,0.31,1.0,0.98,0.27,1.07,0.0,0.0,0.0,0.0,0.1,54.645,546.783
7.0,0.34,0.86,1.05,0.2,1.02,0.0,0.0,0.0,0.0,0.18,7.262,609.097
6.0,0.29,0.96,1.1,0.2,0.89,0.0,0.0,0.0,0.0,0.22,10.152,559.355
5.0,0.3,1.03,1.18,0.26,0.96,0.0,0.0,0.0,0.0,0.21,5.658,580.309
5.0,0.33,1.04,1.13,0.27,0.85,0.0,0.0,0.0,0.0,0.15,158.73,388.453
6.0,0.3,0.9,1.09,0.23,0.93,0.0,0.0,0.0,0.0,0.2,8.511,571.957
7.0,0.33,1.03,0.97,0.2,1.04,0.0,0.0,0.0,0.0,0.23,77.519,490.632
5.0,0.31,1.08,1.1,0.11,1.05,0.0,0.0,0.0,0.0,0.12,21.583,575.559
6.0,0.33,0.98,0.91,0.25,0.84,0.0,0.0,0.0,0.0,0.14,6.998,595.718
6.0,0.31,1.02,0.95,0.28,1.0,0.0,0.0,0.0,0.0,0.15,3.15,588.983
7.0,0.29,0.86,1.08,0.22,0.89,0.0,0.0,0.0,0.0,0.22,3.047,571.076
7.0,0.33,0.94,0.91,0.29,0.9,0.0,0.0,0.0,0.0,0.14,10.838,593.314
6.0,0.31,1.05,1.1,0.17,0.91,0.0,0.0,0.0,0.0,0.19,36.408,541.466
6.0,0.32,0.87,1.06,0.19,1.08,0.0,0.0,0.0,0.0,0.16,24.814,571.081
5.0,0.32,0.85,1.05,0.21,1.07,0.0,0.0,0.0,0.0,0.22,6.547,593.164
5.0,0.29,0.99,0.93,0.17,0.98,0.0,0.0,0.0,0.0,0.17,24.272,542.005
5.0,0.33,0.86,1.19,0.24,1.04,0.0,0.0,0.0,0.0,0.13,30.581,582.567
7.0,0.3,1.07,1.17,0.29,0.96,0.0,0.0,0.0,0.0,0.21,15.432,569.213
6.0,0.32,0.83,0.96,0.18,0.8,0.0,0.0,0.0,0.0,0.21,3.22,593.027
5.0,0.3,0.8,1.18,0.23,0.87,0.0,0.0,0.0,0.0,0.18,13.993,557.22
7.0,0.32,0.99,1.14,0.11,1.08,0.0,0.0,0.0,0.0,0.24,5.671,597.777
6.0,0.29,1.02,1.05,0.3,0.99,0.0,0.0,0.0,0.0,0.2,21.246,549.965
5.0,0.3,0.96,0.95,0.2,1.07,0.0,0.0,0.0,0.0,0.11,6.859,572.892
5.0,0.31,1.01,1.08,0.24,1.03,0.0,0.0,0.0,0.0,0.24,5.062,588.221
6.0,0.34,0.93,0.95,0.27,0.99,0.0,0.0,0.0,0.0,0.22,73.892,514.94
5.0,0.28,0.86,1.16,0.27,0.86,0.0,0.0,0.0,0.0,0.29,3.465,563.095
6.0,0.33,0.94,1.02,0.26,1.02,0.0,0.0,0.0,0.0,0.24,10.691,597.331
7.0,0.32,1.0,1.03,0.14,1.03,0.0,0.0,0.0,0.0,0.17,8.961,591.81
6.0,0.3,1.0,1.13,0.19,0.87,0.0,0.0,0.0,0.0,0.19,17.762,558.812
7.0,0.31,0.98,1.03,0.28,0.93,0.0,0.0,0.0,0.0,0.16,15.601,571.583
6.0,0.33,1.05,0.93,0.14,0.98,0.0,0.0,0.0,0.0,0.1,4.324,602.729
5.0,0.32,0.83,0.91,0.12,1.05,0.0,0.0,0.0,0.0,0.29,3.977,593.271
5.0,0.32,0.85,1.03,0.13,0.92,0.0,0.0,0.0,0.0,0.22,3.793,594.555
7.0,0.33,0.97,1.08,0.28,1.02,0.0,0.0,0.0,0.0,0.27,9.251,600.132
7.0,0.33,0.87,1.19,0.23,0.96,0.0,0.0,0.0,0.0,0.11,7.603,605.202
6.0,0.32,0.89,0.91,0.29,0.92,0.0,0.0,0.0,0.0,0.11,3.616,593.477
7.0,0.31,1.0,1.18,0.13,0.87,0.0,0.0,0.0,0.0,0.2,4.702,588.044
6.0,0.31,0.89,1.17,0.18,0.89,0.0,0.0,0.0,0.0,0.1,32.751,516.127
7.0,0.33,0.83,1.2,0.29,1.05,0.0,0.0,0.0,0.0,0.15,6.304,606.455
6.0,0.33,1.05,0.95,0.11,0.81,0.0,0.0,0.0,0.0,0.22,3.284,602.819
5.0,0.3,0.8,1.2,0.29,0.92,0.0,0.0,0.0,0.0,0.18,4.053,580.959
5.0,0.29,1.0,1.03,0.16,0.93,0.0,0.0,0.0,0.0,0.23,217.391,304.079
6.0,0.32,1.08,1.15,0.21,0.92,0.0,0.0,0.0,0.0,0.11,6.639,595.252
7.0,0.31,0.85,1.07,0.1,1.03,0.0,0.0,0.0,0.0,0.15,3.396,589.3
7.0,0.28,0.94,0.99,0.13,0.95,0.0,0.0,0.0,0.0,0.12,3.171,560.52
6.0,0.31,1.1,1.1,0.26,0.92,0.0,0.0,0.0,0.0,0.23,7.106,585.077
6.0,0.3,1.07,1.02,0.26,1.08,0.0,0.0,0.0,0.0,0.27,8.078,575.129
6.0,0.31,1.09,1.19,0.1,0.86,0.0,0.0,0.0,0.0,0.27,7.446,586.507
6.0,0.3,0.87,1.11,0.27,0.86,0.0,0.0,0.0,0.0,0.24,12.102,564.162
6.0,0.28,0.92,0.94,0.18,0.84,0.0,0.0,0.0,0.0,0.15,25.489,477.334
5.0,0.3,0.96,1.0,0.25,0.95,0.0,0.0,0.0,0.0,0.21,5.277,575.102
6.0,0.33,0.92,0.95,0.15,0.88,0.0,0.0,0.0,0.0,0.14,8.547,596.031
7.0,0.31,0.91,1.03,0.21,0.88,0.0,0.0,0.0,0.0,0.17,3.883,586.153
7.0,0.31,0.91,0.98,0.3,0.91,0.0,0.0,0.0,0.0,0.23,3.825,586.142
7.0,0.31,0.94,0.99,0.24,0.99,0.0,0.0,0.0,0.0,0.15,3.42,588.549
5.0,0.32,0.93,0.94,0.2,1.03,0.0,0.0,0.0,0.0,0.2,4.113,594.586
6.0,0.28,0.93,1.09,0.23,0.98,0.0,0.0,0.0,0.0,0.27,4.671,560.295
6.0,0.34,1.03,0.98,0.21,1.05,0.0,0.0,0.0,0.0,0.29,3.27,616.85
5.0,0.29,1.03,1.0,0.22,0.9,0.0,0.0,0.0,0.0,0.22,5.122,566.23
5.0,0.32,1.1,1.17,0.18,0.81,0.0,0.0,0.0,0.0,0.17,9.467,590.807
6.0,0.32,0.86,1.19,0.21,0.86,0.0,0.0,0.0,0.0,0.2,5.177,595.82
7.0,0.33,0.98,0.92,0.19,0.89,0.0,0.0,0.0,0.0,0.14,96.463,353.648
5.0,0.32,0.89,1.11,0.14,1.07,0.0,0.0,0.0,0.0,0.22,5.202,596.74
7.0,0.29,1.09,1.02,0.28,0.8,0.0,0.0,0.0,0.0,0.26,17.71,542.317
7.0,0.31,0.88,0.93,0.23,0.9,0.0,0.0,0.0,0.0,0.19,21.157,538.512
6.0,0.31,0.91,0.97,0.21,0.82,0.0,0.0,0.0,0.0,0.14,6.814,578.795
7.0,0.3,0.85,0.98,0.14,1.07,0.0,0.0,0.0,0.0,0.26,4.732,575.963
6.0,0.28,0.93,0.92,0.18,0.96,0.0,0.0,0.0,0.0,0.11,3.896,557.213
5.0,0.31,1.02,1.11,0.22,1.04,0.0,0.0,0.0,0.0,0.16,3.201,593.29
7.0,0.34,1.01,1.1,0.28,0.81,0.0,0.0,0.0,0.0,0.15,9.174,609.23
7.0,0.29,1.03,1.16,0.24,0.84,0.0,0.0,0.0,0.0,0.16,4.413,571.089
7.0,0.3,0.86,1.19,0.22,0.92,0.0,0.0,0.0,0.0,0.16,3.181,582.988
6.0,0.32,1.05,0.92,0.17,0.82,0.0,0.0,0.0,0.0,0.19,23.81,565.342
7.0,0.28,0.92,1.16,0.19,0.98,0.0,0.0,0.0,0.0,0.24,7.371,556.1
7.0,0.28,0.91,1.09,0.13,0.85,0.0,0.0,0.0,0.0,0.15,7.911,546.601
6.0,0.33,1.03,1.17,0.18,1.07,0.0,0.0,0.0,0.0,0.21,22.989,595.689
6.0,0.3,0.81,1.15,0.19,0.94,0.0,0.0,0.0,0.0,0.23,25.773,516.036
6.0,0.31,0.92,1.13,0.13,1.08,0.0,0.0,0.0,0.0,0.11,5.732,587.963
5.0,0.34,1.09,1.07,0.22,0.95,0.0,0.0,0.0,0.0,0.23,3.003,618.557
5.0,0.33,1.06,1.09,0.1,0.86,0.0,0.0,0.0,0.0,0.13,4.805,603.948
7.0,0.3,1.08,1.16,0.1,0.86,0.0,0.0,0.0,0.0,0.26,31.48,507.997
5.0,0.32,0.92,1.0,0.27,1.0,0.0,0.0,0.0,0.0,0.19,4.888,594.6
5.0,0.33,0.91,0.98,0.16,0.94,0.0,0.0,0.0,0.0,0.23,85.96,436.44
6.0,0.29,1.03,1.11,0.3,0.97,0.0,0.0,0.0,0.0,0.2,3.444,573.97
7.0,0.29,0.82,0.92,0.24,0.85,0.0,0.0,0.0,0.0,0.28,4.233,562.803
5.0,0.32,0.92,1.15,0.13,1.02,0.0,0.0,0.0,0.0,0.14,6.679,595.002
7.0,0.29,0.89,1.03,0.15,0.9,0.0,0.0,0.0,0.0,0.14,5.031,564.749
6.0,0.32,0.92,1.14,0.29,1.0,0.0,0.0,0.0,0.0,0.17,7.172,594.443
5.0,0.3,0.95,0.97,0.29,1.08,0.0,0.0,0.0,0.0,0.24,6.195,575.12
5.0,0.34,0.99,1.11,0.14,0.81,0.0,0.0,0.0,0.0,0.26,5.001,611.689
7.0,0.29,1.08,1.19,0.24,0.8,0.0,0.0,0.0,0.0,0.14,3.327,573.796
5.0,0.32,0.86,1.02,0.14,0.93,0.0,0.0,0.0,0.0,0.23,12.417,583.688
5.0,0.32,0.83,1.03,0.29,0.92,0.0,0.0,0.0,0.0,0.26,3.15,597.291
6.0,0.29,1.06,1.02,0.17,1.09,0.0,0.0,0.0,0.0,0.25,3.664,572.769
5.0,0.29,0.88,0.91,0.19,0.85,0.0,0.0,0.0,0.0,0.26,4.137,563.071
6.0,0.31,1.03,1.0,0.26,0.94,0.0,0.0,0.0,0.0,0.25,6.031,583.431
6.0,0.31,1.02,1.14,0.14,0.85,0.0,0.0,0.0,0.0,0.22,3.997,588.423
6.0,0.32,1.05,1.07,0.14,0.88,0.0,0.0,0.0,0.0,0.26,4.645,595.42
6.0,0.33,0.8,1.07,0.18,0.82,0.0,0.0,0.0,0.0,0.1,3.632,603.715
5.0,0.32,0.86,1.13,0.23,0.81,0.0,0.0,0.0,0.0,0.24,3.659,596.721
7.0,0.3,1.01,1.12,0.27,0.81,0.0,0.0,0.0,0.0,0.18,9.56,569.454
7.0,0.32,0.99,1.04,0.23,0.89,0.0,0.0,0.0,0.0,0.27,29.211,549.402
6.0,0.33,0.94,1.15,0.2,0.86,0.0,0.0,0.0,0.0,0.19,12.965,596.173
5.0,0.31,1.0,0.98,0.11,1.02,0.0,0.0,0.0,0.0,0.15,5.175,584.622
6.0,0.34,0.94,1.02,0.24,1.07,0.0,0.0,0.0,0.0,0.12,5.323,613.088
7.0,0.32,1.05,1.15,0.24,0.85,0.0,0.0,0.0,0.0,0.16,3.223,600.594
8.0,0.29,0.92,0.95,0.15,1.06,0.0,0.0,0.0,0.0,0.13,28.355,485.085
7.0,0.33,1.04,0.91,0.23,0.88,0.0,0.0,0.0,0.0,0.27,10.37,594.216
7.0,0.31,1.05,0.94,0.26,0.92,0.0,0.0,0.0,0.0,0.29,5.244,582.99
7.0,0.34,0.83,1.12,0.25,1.09,0.0,0.0,0.0,0.0,0.21,8.746,610.47
5.0,0.33,0.96,0.91,0.19,1.05,0.0,0.0,0.0,0.0,0.13,7.722,597.468
6.0,0.31,0.87,1.02,0.3,0.81,0.0,0.0,0.0,0.0,0.21,6.814,580.449
5.0,0.31,1.04,1.19,0.2,0.9,0.0,0.0,0.0,0.0,0.2,3.509,592.436
5.0,0.31,0.83,1.16,0.11,1.08,0.0,0.0,0.0,0.0,0.29,5.495,588.009
5.0,0.3,0.87,0.95,0.21,0.89,0.0,0.0,0.0,0.0,0.16,3.043,577.074
5.0,0.31,1.08,1.12,0.25,1.07,0.0,0.0,0.0,0.0,0.14,74.074,539.793
5.0,0.28,1.09,1.05,0.19,0.85,0.0,0.0,0.0,0.0,0.17,3.326,561.666
6.0,0.34,0.94,1.12,0.15,0.88,0.0,0.0,0.0,0.0,0.22,34.169,565.787
5.0,0.31,0.84,1.03,0.15,0.84,0.0,0.0,0.0,0.0,0.15,4.645,582.648
7.0,0.3,1.09,1.12,0.27,1.08,0.0,0.0,0.0,0.0,0.15,13.624,573.553
5.0,0.32,0.96,0.98,0.26,1.0,0.0,0.0,0.0,0.0,0.18,6.01,592.549
7.0,0.3,0.96,1.17,0.28,0.81,0.0,0.0,0.0,0.0,0.28,3.658,581.004
5.0,0.28,1.07,1.07,0.19,0.82,0.0,0.0,0.0,0.0,0.26,6.08,556.026
5.0,0.33,1.05,1.03,0.28,0.92,0.0,0.0,0.0,0.0,0.2,5.207,603.279
5.0,0.31,0.88,1.1,0.21,1.02,0.0,0.0,0.0,0.0,0.13,36.058,546.13
6.0,0.34,0.88,1.05,0.14,0.97,0.0,0.0,0.0,0.0,0.27,5.389,610.745
6.0,0.33,0.92,0.93,0.11,1.06,0.0,0.0,0.0,0.0,0.15,4.428,602.127
5.0,0.29,1.04,0.97,0.27,0.99,0.0,0.0,0.0,0.0,0.15,7.28,564.172
7.0,0.3,0.8,1.13,0.28,0.96,0.0,0.0,0.0,0.0,0.16,15.228,550.371
7.0,0.29,0.92,0.97,0.21,1.06,0.0,0.0,0.0,0.0,0.1,5.347,566.298
7.0,0.29,1.06,1.14,0.3,0.94,0.0,0.0,0.0,0.0,0.23,4.111,573.02
6.0,0.29,1.07,1.13,0.27,0.81,0.0,0.0,0.0,0.0,0.18,20.604,544.229
5.0,0.32,1.03,1.04,0.25,0.85,0.0,0.0,0.0,0.0,0.15,3.463,597.457
5.0,0.31,0.83,0.93,0.22,0.84,0.0,0.0,0.0,0.0,0.25,3.167,583.884
6.0,0.28,0.87,1.17,0.21,1.01,0.0,0.0,0.0,0.0,0.25,74.074,365.091
7.0,0.3,0.99,0.92,0.28,0.83,0.0,0.0,0.0,0.0,0.24,5.657,571.875
6.0,0.33,1.04,1.01,0.13,0.83,0.0,0.0,0.0,0.0,0.19,35.129,552.822
6.0,0.3,0.86,1.06,0.16,1.03,0.0,0.0,0.0,0.0,0.19,4.522,578.158
5.0,0.31,0.9,1.16,0.17,0.88,0.0,0.0,0.0,0.0,0.13,4.564,587.752
7.0,0.28,0.96,1.15,0.13,0.92,0.0,0.0,0.0,0.0,0.1,4.17,561.517
7.0,0.31,0.88,1.09,0.19,1.03,0.0,0.0,0.0,0.0,0.22,11.962,576.709
5.0,0.3,1.02,0.99,0.26,1.02,0.0,0.0,0.0,0.0,0.18,5.393,576.487
7.0,0.31,0.97,0.99,0.21,0.87,0.0,0.0,0.0,0.0,0.1,12.976,569.59
6.0,0.31,1.1,0.97,0.13,0.95,0.0,0.0,0.0,0.0,0.15,17.281,571.615
6.0,0.29,1.08,0.93,0.28,0.83,0.0,0.0,0.0,0.0,0.27,3.522,567.66
5.0,0.29,1.05,0.97,0.19,1.03,0.0,0.0,0.0,0.0,0.1,4.422,568.811
5.0,0.3,0.98,1.16,0.26,0.82,0.0,0.0,0.0,0.0,0.18,20.79,557.616
6.0,0.33,0.91,1.08,0.24,0.83,0.0,0.0,0.0,0.0,0.29,28.275,558.848
5.0,0.29,0.8,1.18,0.17,0.98,0.0,0.0,0.0,0.0,0.29,16.713,544.594
6.0,0.31,0.87,0.92,0.16,0.88,0.0,0.0,0.0,0.0,0.18,3.852,582.435
5.0,0.3,0.98,0.95,0.22,0.97,0.0,0.0,0.0,0.0,0.17,3.435,577.953
6.0,0.31,0.92,1.04,0.28,0.93,0.0,0.0,0.0,0.0,0.27,8.071,582.187
6.0,0.29,0.86,1.04,0.12,1.09,0.0,0.0,0.0,0.0,0.24,170.455,261.294
7.0,0.33,0.91,0.9,0.3,0.82,0.0,0.0,0.0,0.0,0.12,5.928,596.268
7.0,0.34,1.09,1.11,0.25,0.95,0.0,0.0,0.0,0.0,0.24,11.623,611.303
7.0,0.32,0.81,0.94,0.12,1.05,0.0,0.0,0.0,0.0,0.19,20.619,555.236
5.0,0.34,1.04,1.16,0.18,1.05,0.0,0.0,0.0,0.0,0.3,4.089,618.896
6.0,0.33,0.92,0.94,0.3,0.92,0.0,0.0,0.0,0.0,0.24,3.684,603.347
7.0,0.31,0.98,1.02,0.29,0.91,0.0,0.0,0.0,0.0,0.19,13.599,573.486
5.0,0.32,0.84,1.15,0.1,0.9,0.0,0.0,0.0,0.0,0.14,61.602,403.519
5.0,0.3,1.07,1.11,0.2,0.93,0.0,0.0,0.0,0.0,0.1,454.545,252.449
7.0,0.32,1.06,1.08,0.26,0.91,0.0,0.0,0.0,0.0,0.21,30.06,565.883
7.0,0.33,0.81,0.99,0.3,1.04,0.0,0.0,0.0,0.0,0.22,4.235,604.128
5.0,0.3,0.8,0.91,0.24,0.82,0.0,0.0,0.0,0.0,0.21,3.8,572.338
5.0,0.3,0.91,0.96,0.15,0.88,0.0,0.0,0.0,0.0,0.28,12.594,561.184
6.0,0.33,1.03,1.06,0.22,1.05,0.0,0.0,0.0,0.0,0.12,9.245,600.257
6.0,0.28,1.1,1.03,0.22,0.89,0.0,0.0,0.0,0.0,0.21,7.369,555.17
7.0,0.28,1.03,0.98,0.23,0.89,0.0,0.0,0.0,0.0,0.27,12.876,539.894
7.0,0.33,0.96,1.13,0.29,0.98,0.0,0.0,0.0,0.0,0.17,3.151,610.552
5.0,0.32,0.84,0.93,0.14,0.93,0.0,0.0,0.0,0.0,0.28,19.907,565.283
7.0,0.32,1.01,0.91,0.28,0.98,0.0,0.0,0.0,0.0,0.25,3.187,596.808
5.0,0.3,1.01,0.96,0.26,0.97,0.0,0.0,0.0,0.0,0.18,4.39,576.643
5.0,0.31,0.9,1.01,0.3,0.85,0.0,0.0,0.0,0.0,0.15,4.479,584.45
5.0,0.28,0.86,0.94,0.21,0.93,0.0,0.0,0.0,0.0,0.15,6.983,550.717
7.0,0.33,1.02,1.01,0.19,0.84,0.0,0.0,0.0,0.0,0.27,3.298,605.172
6.0,0.31,1.0,1.11,0.27,1.05,0.0,0.0,0.0,0.0,0.22,10.446,582.906
6.0,0.33,1.07,1.17,0.14,0.95,0.0,0.0,0.0,0.0,0.13,5.228,606.575
7.0,0.31,1.06,0.98,0.14,0.86,0.0,0.0,0.0,0.0,0.15,17.133,564.07
6.0,0.29,0.91,0.98,0.23,0.91,0.0,0.0,0.0,0.0,0.18,3.985,566.896
5.0,0.32,0.94,1.02,0.15,0.95,0.0,0.0,0.0,0.0,0.28,71.429,474.528
5.0,0.32,0.93,1.18,0.18,0.88,0.0,0.0,0.0,0.0,0.19,3.601,599.688
7.0,0.29,0.88,1.01,0.1,1.01,0.0,0.0,0.0,0.0,0.17,10.163,554.328
7.0,0.33,0.85,0.96,0.27,0.87,0.0,0.0,0.0,0.0,0.24,4.918,600.072
7.0,0.3,1.03,1.13,0.26,1.06,0.0,0.0,0.0,0.0,0.23,6.522,579.269
5.0,0.33,0.85,1.03,0.12,1.05,0.0,0.0,0.0,0.0,0.27,4.514,603.79
7.0,0.34,0.89,1.14,0.18,1.07,0.0,0.0,0.0,0.0,0.27,3.732,618.493
6.0,0.32,0.88,1.17,0.1,0.93,0.0,0.0,0.0,0.0,0.29,6.119,594.225
6.0,0.34,0.91,1.04,0.25,1.07,0.0,0.0,0.0,0.0,0.22,28.681,595.211
6.0,0.3,1.01,1.06,0.2,0.89,0.0,0.0,0.0,0.0,0.11,3.575,579.441
5.0,0.28,0.9,0.94,0.2,1.04,0.0,0.0,0.0,0.0,0.25,5.899,555.086
5.0,0.3,1.09,1.02,0.14,0.92,0.0,0.0,0.0,0.0,0.12,3.836,578.603
7.0,0.32,0.84,0.96,0.13,0.99,0.0,0.0,0.0,0.0,0.17,7.236,588.732
5.0,0.31,0.81,1.03,0.13,0.92,0.0,0.0,0.0,0.0,0.26,5.758,581.484
5.0,0.3,0.9,1.12,0.14,1.09,0.0,0.0,0.0,0.0,0.11,3.948,581.654
7.0,0.31,0.85,0.96,0.21,0.85,0.0,0.0,0.0,0.0,0.16,7.835,574.246
5.0,0.34,0.9,1.19,0.23,0.91,0.0,0.0,0.0,0.0,0.25,25.402,593.654
6.0,0.3,0.85,1.03,0.29,1.06,0.0,0.0,0.0,0.0,0.29,7.924,574.05
6.0,0.32,0.89,1.11,0.18,0.96,0.0,0.0,0.0,0.0,0.16,32.189,548.572
7.0,0.3,1.0,1.18,0.19,1.04,0.0,0.0,0.0,0.0,0.14,4.141,583.531
5.0,0.32,0.96,0.99,0.17,1.02,0.0,0.0,0.0,0.0,0.24,3.079,598.482
5.0,0.33,0.96,1.14,0.2,0.94,0.0,0.0,0.0,0.0,0.22,11.728,600.562
6.0,0.32,1.01,1.09,0.17,1.09,0.0,0.0,0.0,0.0,0.19,6.008,596.165
7.0,0.33,0.9,1.01,0.13,0.97,0.0,0.0,0.0,0.0,0.17,4.068,603.549
7.0,0.33,1.02,1.1,0.2,0.83,0.0,0.0,0.0,0.0,0.21,3.866,606.067
5.0,0.31,0.96,1.09,0.11,0.84,0.0,0.0,0.0,0.0,0.29,3.447,587.96
6.0,0.31,0.98,1.0,0.29,0.9,0.0,0.0,0.0,0.0,0.3,4.323,585.505
5.0,0.34,0.9,1.1,0.21,1.0,0.0,0.0,0.0,0.0,0.23,5.107,613.82
7.0,0.31,0.83,1.17,0.14,1.05,0.0,0.0,0.0,0.0,0.11,4.871,589.132
5.0,0.33,1.05,1.13,0.25,0.81,0.0,0.0,0.0,0.0,0.21,13.941,597.301
6.0,0.33,0.98,1.18,0.25,0.89,0.0,0.0,0.0,0.0,0.12,55.762,522.289
5.0,0.28,0.84,0.93,0.16,0.9,0.0,0.0,0.0,0.0,0.23,3.204,557.155
6.0,0.34,0.82,1.03,0.22,0.87,0.0,0.0,0.0,0.0,0.21,3.906,612.13
5.0,0.31,0.86,0.94,0.24,0.83,0.0,0.0,0.0,0.0,0.13,10.145,573.079
6.0,0.33,0.92,1.14,0.26,1.03,0.0,0.0,0.0,0.0,0.22,3.007,611.977
6.0,0.32,0.83,1.06,0.18,0.84,0.0,0.0,0.0,0.0,0.21,3.535,594.905
6.0,0.29,0.89,1.0,0.26,1.05,0.0,0.0,0.0,0.0,0.22,4.528,568.524
6.0,0.31,0.98,1.16,0.26,0.99,0.0,0.0,0.0,0.0,0.28,13.953,580.499
6.0,0.33,0.89,1.18,0.2,0.88,0.0,0.0,0.0,0.0,0.27,50.59,487.244
7.0,0.34,0.98,1.02,0.11,0.91,0.0,0.0,0.0,0.0,0.14,4.511,611.451
5.0,0.29,1.03,0.98,0.2,0.88,0.0,0.0,0.0,0.0,0.3,6.263,563.387
7.0,0.28,1.07,1.1,0.22,1.07,0.0,0.0,0.0,0.0,0.12,8.371,558.367
6.0,0.29,0.99,0.91,0.1,0.87,0.0,0.0,0.0,0.0,0.11,7.937,556.732
5.0,0.33,0.83,0.9,0.15,0.89,0.0,0.0,0.0,0.0,0.17,3.159,601.619
5.0,0.29,1.0,1.06,0.2,0.87,0.0,0.0,0.0,0.0,0.17,29.615,526.353
6.0,0.34,0.92,1.14,0.3,0.86,0.0,0.0,0.0,0.0,0.1,3.231,617.744
6.0,0.33,1.01,0.94,0.18,0.88,0.0,0.0,0.0,0.0,0.21,3.332,603.65
5.0,0.33,0.94,0.91,0.21,0.83,0.0,0.0,0.0,0.0,0.12,3.32,602.164
5.0,0.32,1.0,0.9,0.14,1.01,0.0,0.0,0.0,0.0,0.24,11.42,584.225
5.0,0.29,0.98,1.08,0.19,0.85,0.0,0.0,0.0,0.0,0.22,63.025,412.481
7.0,0.29,0.9,0.96,0.13,1.04,0.0,0.0,0.0,0.0,0.17,4.802,565.829
7.0,0.31,0.88,1.08,0.19,0.8,0.0,0.0,0.0,0.0,0.19,3.486,586.716
7.0,0.29,0.87,1.08,0.28,1.06,0.0,0.0,0.0,0.0,0.17,7.632,565.621
7.0,0.28,0.84,1.06,0.1,0.91,0.0,0.0,0.0,0.0,0.25,15.448,502.648
6.0,0.32,0.96,0.95,0.16,0.84,0.0,0.0,0.0,0.0,0.26,4.05,591.983
5.0,0.3,1.01,1.15,0.23,0.8,0.0,0.0,0.0,0.0,0.23,4.589,578.4
6.0,0.31,1.06,0.99,0.29,0.9,0.0,0.0,0.0,0.0,0.29,16.75,572.797
6.0,0.32,1.0,1.12,0.14,0.9,0.0,0.0,0.0,0.0,0.15,13.222,586.667
5.0,0.31,1.01,0.98,0.24,1.09,0.0,0.0,0.0,0.0,0.18,5.132,586.367
6.0,0.29,0.88,1.19,0.11,0.9,0.0,0.0,0.0,0.0,0.11,3.269,572.899
5.0,0.29,0.84,1.06,0.29,0.87,0.0,0.0,0.0,0.0,0.24,63.291,372.104
6.0,0.33,0.82,1.19,0.15,1.0,0.0,0.0,0.0,0.0,0.27,11.416,599.674
5.0,0.28,1.0,0.99,0.29,1.06,0.0,0.0,0.0,0.0,0.26,4.963,559.574
6.0,0.29,1.08,0.95,0.23,1.05,0.0,0.0,0.0,0.0,0.21,3.981,570.191
6.0,0.3,1.02,1.18,0.23,1.03,0.0,0.0,0.0,0.0,0.29,5.564,581.228
6.0,0.28,1.07,1.15,0.27,1.07,0.0,0.0,0.0,0.0,0.23,3.3,568.352
7.0,0.32,1.02,0.91,0.24,0.96,0.0,0.0,0.0,0.0,0.27,11.962,584.532
5.0,0.31,1.02,1.04,0.23,1.08,0.0,0.0,0.0,0.0,0.14,13.363,579.172
7.0,0.29,0.86,1.17,0.25,1.06,0.0,0.0,0.0,0.0,0.19,22.59,532.549
5.0,0.34,0.97,0.96,0.18,1.1,0.0,0.0,0.0,0.0,0.17,5.002,612.372
6.0,0.28,0.86,1.15,0.16,1.06,0.0,0.0,0.0,0.0,0.25,4.489,562.219
5.0,0.31,0.89,1.03,0.19,1.06,0.0,0.0,0.0,0.0,0.17,5.114,586.142
7.0,0.33,0.85,0.99,0.28,1.02,0.0,0.0,0.0,0.0,0.15,7.085,599.429
7.0,0.32,0.95,1.18,0.16,0.91,0.0,0.0,0.0,0.0,0.13,10.115,590.463
5.0,0.29,1.06,1.13,0.22,0.82,0.0,0.0,0.0,0.0,0.11,19.894,549.617
5.0,0.31,0.99,1.17,0.2,0.89,0.0,0.0,0.0,0.0,0.24,30.181,555.393
7.0,0.28,0.99,1.08,0.23,0.82,0.0,0.0,0.0,0.0,0.24,8.905,547.349
7.0,0.33,0.89,1.0,0.13,0.85,0.0,0.0,0.0,0.0,0.13,17.094,569.07
6.0,0.28,0.8,0.93,0.19,0.89,0.0,0.0,0.0,0.0,0.12,34.803,384.759
6.0,0.31,0.99,1.13,0.29,0.91,0.0,0.0,0.0,0.0,0.23,4.947,588.041
5.0,0.31,0.94,1.0,0.18,0.99,0.0,0.0,0.0,0.0,0.22,3.119,589.177
7.0,0.28,0.99,1.09,0.16,0.94,0.0,0.0,0.0,0.0,0.2,5.01,558.972
6.0,0.33,0.9,1.15,0.17,0.94,0.0,0.0,0.0,0.0,0.28,3.123,609.539
7.0,0.33,1.0,1.06,0.18,1.1,0.0,0.0,0.0,0.0,0.29,5.354,605.958
7.0,0.28,0.95,1.16,0.3,1.09,0.0,0.0,0.0,0.0,0.13,10.435,556.242
7.0,0.31,1.08,1.03,0.2,1.05,0.0,0.0,0.0,0.0,0.17,8.491,582.955
7.0,0.32,0.85,1.03,0.1,0.81,0.0,0.0,0.0,0.0,0.27,4.866,591.363
5.0,0.33,0.88,1.14,0.12,0.96,0.0,0.0,0.0,0.0,0.18,12.428,597.882
6.0,0.32,0.8,1.18,0.21,1.01,0.0,0.0,0.0,0.0,0.12,4.95,597.688
6.0,0.28,0.86,1.12,0.11,1.05,0.0,0.0,0.0,0.0,0.29,25.862,505.507
6.0,0.32,0.88,1.05,0.19,1.08,0.0,0.0,0.0,0.0,0.26,3.044,600.437
5.0,0.3,0.82,0.96,0.19,1.0,0.0,0.0,0.0,0.0,0.17,4.309,575.23
7.0,0.29,0.88,1.0,0.23,1.0,0.0,0.0,0.0,0.0,0.15,7.091,562.654
6.0,0.34,0.94,0.96,0.29,1.07,0.0,0.0,0.0,0.0,0.21,13.979,603.143
6.0,0.32,0.92,1.08,0.14,0.8,0.0,0.0,0.0,0.0,0.29,5.013,592.305
6.0,0.32,0.8,1.0,0.29,0.84,0.0,0.0,0.0,0.0,0.21,4.635,591.386
6.0,0.33,0.83,0.99,0.2,0.94,0.0,0.0,0.0,0.0,0.19,3.328,604.756
5.0,0.3,1.01,1.1,0.21,0.95,0.0,0.0,0.0,0.0,0.22,6.31,576.394
7.0,0.31,0.88,1.03,0.14,0.86,0.0,0.0,0.0,0.0,0.23,4.389,583.838
5.0,0.3,1.06,1.03,0.16,0.88,0.0,0.0,0.0,0.0,0.29,3.343,579.314
6.0,0.28,0.85,1.01,0.14,1.08,0.0,0.0,0.0,0.0,0.27,4.325,559.402
6.0,0.31,1.07,1.06,0.19,0.99,0.0,0.0,0.0,0.0,0.29,4.156,589.093
5.0,0.31,0.93,0.97,0.27,1.06,0.0,0.0,0.0,0.0,0.14,23.641,568.517
6.0,0.31,1.0,1.03,0.1,1.08,0.0,0.0,0.0,0.0,0.16,12.563,579.124
7.0,0.33,1.01,1.18,0.23,1.09,0.0,0.0,0.0,0.0,0.3,3.794,612.025
5.0,0.28,0.86,0.95,0.2,1.0,0.0,0.0,0.0,0.0,0.1,468.75,191.861
5.0,0.31,0.88,0.92,0.3,0.96,0.0,0.0,0.0,0.0,0.21,8.017,578.282
5.0,0.34,1.03,1.2,0.11,0.86,0.0,0.0,0.0,0.0,0.29,3.977,617.165
5.0,0.33,1.08,0.95,0.17,0.95,0.0,0.0,0.0,0.0,0.14,3.035,606.562
6.0,0.34,0.95,1.05,0.16,1.08,0.0,0.0,0.0,0.0,0.12,4.151,615.776
7.0,0.33,0.87,0.98,0.21,1.0,0.0,0.0,0.0,0.0,0.21,4.406,602.808
7.0,0.33,1.07,1.06,0.29,0.82,0.0,0.0,0.0,0.0,0.12,7.872,599.053
7.0,0.34,0.88,1.1,0.3,1.0,0.0,0.0,0.0,0.0,0.11,163.043,314.431
6.0,0.31,1.01,1.0,0.18,1.04,0.0,0.0,0.0,0.0,0.3,5.797,584.526
5.0,0.34,0.98,0.97,0.24,0.89,0.0,0.0,0.0,0.0,0.26,8.011,605.631
6.0,0.34,0.86,0.98,0.26,0.94,0.0,0.0,0.0,0.0,0.16,6.565,607.343
7.0,0.32,0.89,1.03,0.28,1.06,0.0,0.0,0.0,0.0,0.17,3.061,600.354
6.0,0.33,0.88,0.9,0.26,1.01,0.0,0.0,0.0,0.0,0.26,9.618,594.258
5.0,0.32,1.09,1.03,0.18,1.09,0.0,0.0,0.0,0.0,0.16,3.335,600.842
7.0,0.32,0.88,1.06,0.26,1.04,0.0,0.0,0.0,0.0,0.16,17.857,580.664
5.0,0.33,0.83,1.13,0.29,1.07,0.0,0.0,0.0,0.0,0.14,36.101,576.599
5.0,0.32,1.04,1.08,0.28,0.9,0.0,0.0,0.0,0.0,0.24,25.818,578.602
6.0,0.31,0.97,1.18,0.25,1.07,0.0,0.0,0.0,0.0,0.2,810.811,204.065
5.0,0.31,0.84,1.09,0.25,1.03,0.0,0.0,0.0,0.0,0.26,5.307,586.871
6.0,0.31,0.86,1.08,0.19,0.84,0.0,0.0,0.0,0.0,0.2,17.544,551.977
5.0,0.33,0.8,1.03,0.12,1.03,0.0,0.0,0.0,0.0,0.29,5.361,601.974
6.0,0.31,0.85,1.17,0.18,1.0,0.0,0.0,0.0,0.0,0.29,8.159,584.814
5.0,0.29,1.05,1.18,0.29,0.83,0.0,0.0,0.0,0.0,0.21,5.338,569.784
7.0,0.29,0.91,1.05,0.16,0.84,0.0,0.0,0.0,0.0,0.21,7.029,558.989
6.0,0.31,1.06,1.08,0.23,0.81,0.0,0.0,0.0,0.0,0.29,3.469,588.616
7.0,0.34,1.01,1.11,0.11,0.82,0.0,0.0,0.0,0.0,0.16,3.046,616.314
5.0,0.28,1.07,0.94,0.24,0.85,0.0,0.0,0.0,0.0,0.24,6.184,553.253
5.0,0.34,0.88,1.16,0.26,0.92,0.0,0.0,0.0,0.0,0.26,7.387,610.996
7.0,0.32,1.05,1.02,0.1,0.94,0.0,0.0,0.0,0.0,0.17,3.952,596.181
6.0,0.33,1.01,0.94,0.11,0.84,0.0,0.0,0.0,0.0,0.26,6.696,596.137
5.0,0.33,1.06,1.19,0.15,0.93,0.0,0.0,0.0,0.0,0.26,14.151,600.622
7.0,0.3,1.03,1.1,0.25,0.94,0.0,0.0,0.0,0.0,0.18,11.295,569.935
7.0,0.3,0.82,1.02,0.12,0.95,0.0,0.0,0.0,0.0,0.19,3.633,577.038
7.0,0.31,1.08,1.17,0.13,0.85,0.0,0.0,0.0,0.0,0.23,3.742,590.404
6.0,0.32,0.91,0.95,0.1,1.1,0.0,0.0,0.0,0.0,0.17,14.306,583.733
6.0,0.33,0.98,1.16,0.26,1.03,0.0,0.0,0.0,0.0,0.17,3.482,611.225
5.0,0.31,0.8,1.04,0.27,0.94,0.0,0.0,0.0,0.0,0.3,4.71,584.899
6.0,0.32,0.82,1.19,0.14,0.97,0.0,0.0,0.0,0.0,0.12,16.639,574.191
6.0,0.29,0.86,1.05,0.23,1.01,0.0,0.0,0.0,0.0,0.13,4.805,568.124
6.0,0.33,0.83,1.07,0.12,0.81,0.0,0.0,0.0,0.0,0.29,36.585,456.399
6.0,0.29,0.85,1.06,0.26,0.86,0.0,0.0,0.0,0.0,0.15,20.877,516.458
5.0,0.31,0.89,0.98,0.21,1.05,0.0,0.0,0.0,0.0,0.14,5.265,584.535
6.0,0.33,0.97,1.15,0.18,0.96,0.0,0.0,0.0,0.0,0.22,3.694,609.181
6.0,0.31,1.0,1.01,0.2,1.03,0.0,0.0,0.0,0.0,0.24,3.054,590.494
5.0,0.32,1.08,1.19,0.11,0.84,0.0,0.0,0.0,0.0,0.2,3.27,600.671
5.0,0.32,0.86,1.04,0.29,1.04,0.0,0.0,0.0,0.0,0.18,17.964,583.789
6.0,0.34,0.95,0.95,0.2,0.91,0.0,0.0,0.0,0.0,0.13,115.385,361.286
7.0,0.32,0.96,1.18,0.25,1.07,0.0,0.0,0.0,0.0,0.21,30.334,569.404
6.0,0.31,0.82,1.13,0.23,0.86,0.0,0.0,0.0,0.0,0.14,11.61,568.878
5.0,0.31,0.96,1.07,0.11,1.02,0.0,0.0,0.0,0.0,0.28,7.578,583.141
6.0,0.33,0.97,1.13,0.29,0.92,0.0,0.0,0.0,0.0,0.16,13.471,598.457
7.0,0.3,0.9,1.05,0.19,0.88,0.0,0.0,0.0,0.0,0.11,89.286,294.94
6.0,0.32,1.07,0.93,0.13,1.07,0.0,0.0,0.0,0.0,0.29,14.347,585.418
7.0,0.31,0.97,0.93,0.23,0.96,0.0,0.0,0.0,0.0,0.18,4.727,583.773
6.0,0.3,0.9,1.09,0.24,0.98,0.0,0.0,0.0,0.0,0.18,11.291,569.294
6.0,0.32,0.88,1.13,0.2,1.01,0.0,0.0,0.0,0.0,0.27,7.364,593.54
5.0,0.3,0.94,1.07,0.24,0.96,0.0,0.0,0.0,0.0,0.29,4.95,577.423
5.0,0.32,1.01,0.98,0.26,0.94,0.0,0.0,0.0,0.0,0.25,5.332,593.226
5.0,0.34,1.04,1.07,0.25,0.89,0.0,0.0,0.0,0.0,0.13,5.775,612.004
7.0,0.3,1.04,0.93,0.19,1.1,0.0,0.0,0.0,0.0,0.17,4.548,577.357
6.0,0.33,1.02,0.93,0.21,0.91,0.0,0.0,0.0,0.0,0.13,5.814,599.164
7.0,0.33,0.87,0.96,0.27,1.01,0.0,0.0,0.0,0.0,0.27,6.882,598.868
6.0,0.32,1.03,0.91,0.16,0.84,0.0,0.0,0.0,0.0,0.23,9.163,585.367
7.0,0.31,0.91,1.06,0.19,1.09,0.0,0.0,0.0,0.0,0.25,24.351,557.401
5.0,0.28,0.99,1.01,0.28,0.82,0.0,0.0,0.0,0.0,0.26,44.843,457.744
5.0,0.29,0.91,0.99,0.27,0.98,0.0,0.0,0.0,0.0,0.26,7.376,563.006
7.0,0.28,1.04,0.92,0.28,1.07,0.0,0.0,0.0,0.0,0.25,17.741,541.366
5.0,0.31,1.0,1.01,0.16,1.06,0.0,0.0,0.0,0.0,0.22,3.649,589.041
5.0,0.3,1.01,1.07,0.23,1.01,0.0,0.0,0.0,0.0,0.18,36.364,549.326
6.0,0.33,1.1,0.93,0.16,0.81,0.0,0.0,0.0,0.0,0.28,4.165,601.073
6.0,0.31,1.09,1.03,0.18,0.81,0.0,0.0,0.0,0.0,0.24,7.128,580.675
6.0,0.32,0.89,1.08,0.22,1.04,0.0,0.0,0.0,0.0,0.13,3.032,600.987
5.0,0.3,1.07,1.09,0.27,1.07,0.0,0.0,0.0,0.0,0.13,5.578,580.289
5.0,0.31,0.81,0.94,0.3,1.09,0.0,0.0,0.0,0.0,0.13,4.083,586.245
6.0,0.28,0.92,0.95,0.19,0.92,0.0,0.0,0.0,0.0,0.23,6.972,550.304
7.0,0.28,1.07,0.94,0.12,1.0,0.0,0.0,0.0,0.0,0.24,21.127,527.42
7.0,0.34,1.0,1.12,0.18,0.81,0.0,0.0,0.0,0.0,0.19,14.851,600.32
5.0,0.29,0.95,1.01,0.21,0.86,0.0,0.0,0.0,0.0,0.25,31.348,512.9
6.0,0.33,0.89,1.0,0.18,0.93,0.0,0.0,0.0,0.0,0.17,5.405,600.36
7.0,0.31,1.09,1.12,0.16,1.05,0.0,0.0,0.0,0.0,0.3,84.27,460.5
5.0,0.3,1.08,1.0,0.12,1.05,0.0,0.0,0.0,0.0,0.22,14.5,568.347
7.0,0.34,1.05,1.16,0.11,1.05,0.0,0.0,0.0,0.0,0.26,4.418,617.751
6.0,0.32,1.08,1.09,0.23,0.89,0.0,0.0,0.0,0.0,0.26,8.691,590.886
5.0,0.33,0.99,1.1,0.25,0.94,0.0,0.0,0.0,0.0,0.17,7.312,602.113
7.0,0.33,0.95,1.18,0.29,1.06,0.0,0.0,0.0,0.0,0.28,20.175,595.701
7.0,0.28,0.95,0.93,0.28,1.0,0.0,0.0,0.0,0.0,0.25,9.769,547.848
6.0,0.28,1.05,0.92,0.29,0.94,0.0,0.0,0.0,0.0,0.22,294.118,282.482
5.0,0.32,0.81,1.18,0.12,0.88,0.0,0.0,0.0,0.0,0.3,52.724,410.84
5.0,0.34,0.95,1.19,0.24,0.88,0.0,0.0,0.0,0.0,0.13,32.573,587.091
5.0,0.29,0.81,1.04,0.23,0.86,0.0,0.0,0.0,0.0,0.16,3.549,567.67
7.0,0.32,0.98,1.0,0.3,1.08,0.0,0.0,0.0,0.0,0.25,3.582,598.983
5.0,0.3,0.84,1.19,0.26,0.96,0.0,0.0,0.0,0.0,0.22,3.193,583.692
6.0,0.29,0.96,1.01,0.24,0.83,0.0,0.0,0.0,0.0,0.22,11.128,553.825
7.0,0.32,0.82,0.94,0.12,0.97,0.0,0.0,0.0,0.0,0.15,6.731,588.209
5.0,0.33,0.97,1.07,0.21,0.88,0.0,0.0,0.0,0.0,0.21,6.094,601.469
6.0,0.33,0.82,1.17,0.25,1.04,0.0,0.0,0.0,0.0,0.11,4.161,608.827
7.0,0.33,0.85,1.1,0.22,0.84,0.0,0.0,0.0,0.0,0.25,27.422,523.104
7.0,0.28,0.91,1.09,0.22,0.83,0.0,0.0,0.0,0.0,0.15,25.445,453.245
6.0,0.32,0.94,1.09,0.29,0.88,0.0,0.0,0.0,0.0,0.19,3.555,598.374
7.0,0.32,1.04,0.99,0.24,0.86,0.0,0.0,0.0,0.0,0.22,5.193,592.631
5.0,0.33,0.8,0.99,0.2,0.91,0.0,0.0,0.0,0.0,0.1,24.252,567.784
6.0,0.32,0.91,1.03,0.19,1.09,0.0,0.0,0.0,0.0,0.18,63.025,510.694
5.0,0.29,0.9,1.0,0.22,1.03,0.0,0.0,0.0,0.0,0.24,14.786,554.455
5.0,0.32,0.95,0.93,0.24,1.04,0.0,0.0,0.0,0.0,0.28,3.442,596.628
6.0,0.33,1.0,1.06,0.24,1.08,0.0,0.0,0.0,0.0,0.19,3.266,609.978
5.0,0.29,1.08,1.18,0.16,0.81,0.0,0.0,0.0,0.0,0.17,4.396,571.095
6.0,0.3,0.93,0.99,0.16,0.91,0.0,0.0,0.0,0.0,0.18,13.28,560.236
5.0,0.31,0.94,1.06,0.17,1.08,0.0,0.0,0.0,0.0,0.15,3.17,591.399
5.0,0.31,1.07,1.06,0.29,0.93,0.0,0.0,0.0,0.0,0.24,62.37,529.283
5.0,0.33,0.91,1.08,0.11,1.05,0.0,0.0,0.0,0.0,0.23,7.315,601.334
5.0,0.33,0.99,1.14,0.28,0.86,0.0,0.0,0.0,0.0,0.14,4.55,605.839
6.0,0.31,0.85,1.09,0.26,0.93,0.0,0.0,0.0,0.0,0.28,8.287,581.229
5.0,0.29,1.0,1.13,0.19,0.89,0.0,0.0,0.0,0.0,0.19,5.043,569.14
5.0,0.33,0.83,1.05,0.21,0.83,0.0,0.0,0.0,0.0,0.16,21.85,570.586
7.0,0.3,1.08,1.13,0.28,0.82,0.0,0.0,0.0,0.0,0.2,19.468,555.535
6.0,0.29,0.83,1.05,0.29,0.95,0.0,0.0,0.0,0.0,0.24,7.084,563.465
6.0,0.33,0.81,1.02,0.3,0.99,0.0,0.0,0.0,0.0,0.15,7.057,599.514
7.0,0.34,0.85,1.04,0.27,0.92,0.0,0.0,0.0,0.0,0.25,13.947,600.998
6.0,0.31,0.94,1.15,0.13,1.06,0.0,0.0,0.0,0.0,0.24,4.376,590.257
6.0,0.29,0.89,1.01,0.11,0.93,0.0,0.0,0.0,0.0,0.3,31.283,475.13
6.0,0.32,0.94,1.09,0.18,0.9,0.0,0.0,0.0,0.0,0.16,4.861,594.98
7.0,0.3,0.95,0.99,0.16,0.86,0.0,0.0,0.0,0.0,0.24,4.369,574.866
5.0,0.33,0.8,0.97,0.27,1.01,0.0,0.0,0.0,0.0,0.26,176.471,295.744
6.0,0.3,0.8,1.17,0.2,0.97,0.0,0.0,0.0,0.0,0.26,15.198,554.203
7.0,0.29,0.9,0.92,0.28,1.03,0.0,0.0,0.0,0.0,0.27,4.296,566.801
7.0,0.31,0.8,0.94,0.15,0.88,0.0,0.0,0.0,0.0,0.14,312.5,192.029
5.0,0.28,0.95,1.15,0.12,1.01,0.0,0.0,0.0,0.0,0.14,9.234,555.216
7.0,0.32,0.92,1.02,0.27,0.88,0.0,0.0,0.0,0.0,0.24,5.667,591.889
7.0,0.29,1.1,1.14,0.19,0.94,0.0,0.0,0.0,0.0,0.26,9.077,565.485
7.0,0.33,1.06,1.04,0.21,0.93,0.0,0.0,0.0,0.0,0.26,3.389,607.756
5.0,0.33,0.8,0.91,0.2,0.81,0.0,0.0,0.0,0.0,0.18,3.739,599.158
7.0,0.31,0.86,0.99,0.28,0.96,0.0,0.0,0.0,0.0,0.24,3.268,587.928
5.0,0.31,0.94,0.96,0.1,0.91,0.0,0.0,0.0,0.0,0.22,3.372,585.483
5.0,0.33,0.99,1.04,0.3,0.98,0.0,0.0,0.0,0.0,0.13,18.553,594.577
7.0,0.32,1.09,1.1,0.27,1.07,0.0,0.0,0.0,0.0,0.14,13.593,592.515
7.0,0.31,0.94,0.92,0.17,0.93,0.0,0.0,0.0,0.0,0.12,3.734,584.359
6.0,0.34,0.9,0.93,0.14,1.01,0.0,0.0,0.0,0.0,0.26,4.111,611.448
5.0,0.31,0.94,1.03,0.19,0.83,0.0,0.0,0.0,0.0,0.24,24.174,551.083
6.0,0.28,1.0,1.02,0.27,0.8,0.0,0.0,0.0,0.0,0.26,34.602,463.213
6.0,0.33,1.0,0.98,0.15,1.07,0.0,0.0,0.0,0.0,0.23,3.817,606.163
6.0,0.32,1.05,1.01,0.23,0.83,0.0,0.0,0.0,0.0,0.21,11.556,585.899
6.0,0.28,1.04,0.98,0.21,1.08,0.0,0.0,0.0,0.0,0.11,3.326,563.06
7.0,0.28,1.04,1.16,0.19,1.09,0.0,0.0,0.0,0.0,0.28,8.764,559.026
5.0,0.32,1.02,1.13,0.19,0.84,0.0,0.0,0.0,0.0,0.14,3.853,598.16
5.0,0.33,0.87,1.0,0.28,0.9,0.0,0.0,0.0,0.0,0.27,4.444,602.234
6.0,0.33,0.9,0.95,0.18,0.93,0.0,0.0,0.0,0.0,0.26,3.469,603.145
7.0,0.3,1.02,1.18,0.19,1.09,0.0,0.0,0.0,0.0,0.29,35.461,541.763
5.0,0.3,0.87,1.11,0.18,0.94,0.0,0.0,0.0,0.0,0.27,7.406,574.226
6.0,0.28,0.94,1.13,0.26,0.8,0.0,0.0,0.0,0.0,0.18,6.927,553.986
5.0,0.29,0.91,1.2,0.28,0.93,0.0,0.0,0.0,0.0,0.26,108.696,367.395
7.0,0.28,1.01,0.97,0.18,0.93,0.0,0.0,0.0,0.0,0.14,7.572,550.949
6.0,0.31,0.85,0.96,0.19,0.96,0.0,0.0,0.0,0.0,0.21,4.061,584.325
6.0,0.3,0.99,0.93,0.25,0.81,0.0,0.0,0.0,0.0,0.1,16.694,553.123
7.0,0.29,0.97,1.01,0.19,0.91,0.0,0.0,0.0,0.0,0.11,25.974,506.221
7.0,0.3,1.09,1.09,0.15,0.91,0.0,0.0,0.0,0.0,0.14,15.915,562.122
7.0,0.33,0.86,1.13,0.19,0.94,0.0,0.0,0.0,0.0,0.3,4.701,605.021
6.0,0.33,1.02,1.06,0.23,0.89,0.0,0.0,0.0,0.0,0.12,29.674,578.924
6.0,0.29,0.85,0.93,0.26,1.08,0.0,0.0,0.0,0.0,0.3,6.468,563.442
5.0,0.33,0.85,0.97,0.26,1.02,0.0,0.0,0.0,0.0,0.28,3.224,605.863
5.0,0.28,1.01,1.03,0.17,0.87,0.0,0.0,0.0,0.0,0.16,3.704,559.433
7.0,0.29,0.92,0.93,0.18,1.07,0.0,0.0,0.0,0.0,0.13,3.196,569.817
6.0,0.33,0.83,1.08,0.27,0.93,0.0,0.0,0.0,0.0,0.19,11.655,596.205
7.0,0.33,1.06,1.14,0.16,1.02,0.0,0.0,0.0,0.0,0.17,5.216,606.952
5.0,0.31,1.09,1.09,0.14,1.05,0.0,0.0,0.0,0.0,0.23,4.351,590.259
5.0,0.3,0.92,1.03,0.13,0.91,0.0,0.0,0.0,0.0,0.15,4.064,576.826
7.0,0.29,1.09,1.08,0.23,0.91,0.0,0.0,0.0,0.0,0.14,8.271,564.555
5.0,0.3,0.83,0.92,0.15,1.01,0.0,0.0,0.0,0.0,0.29,4.922,572.896
5.0,0.32,0.99,0.98,0.14,1.09,0.0,0.0,0.0,0.0,0.25,3.571,598.074
5.0,0.31,0.86,0.94,0.14,1.02,0.0,0.0,0.0,0.0,0.11,5.963,580.968
7.0,0.32,1.08,0.97,0.19,1.06,0.0,0.0,0.0,0.0,0.11,8.052,590.744
5.0,0.32,0.99,1.18,0.16,0.83,0.0,0.0,0.0,0.0,0.29,5.474,595.592
7.0,0.3,0.95,0.93,0.28,0.86,0.0,0.0,0.0,0.0,0.22,7.716,567.937
5.0,0.28,0.93,0.91,0.22,0.84,0.0,0.0,0.0,0.0,0.25,9.585,544.395
6.0,0.33,0.96,1.05,0.23,0.86,0.0,0.0,0.0,0.0,0.13,4.352,603.713
6.0,0.32,0.87,0.93,0.25,0.99,0.0,0.0,0.0,0.0,0.16,4.787,592.047
5.0,0.3,0.92,1.11,0.2,0.81,0.0,0.0,0.0,0.0,0.13,4.277,576.9
7.0,0.31,0.95,0.9,0.24,0.97,0.0,0.0,0.0,0.0,0.12,24.252,547.368
5.0,0.32,1.0,0.9,0.19,0.94,0.0,0.0,0.0,0.0,0.19,3.557,594.082
5.0,0.3,1.06,1.01,0.15,1.01,0.0,0.0,0.0,0.0,0.22,3.952,579.249
5.0,0.3,0.98,1.15,0.15,1.09,0.0,0.0,0.0,0.0,0.17,11.07,575.302
5.0,0.3,0.85,1.2,0.19,0.81,0.0,0.0,0.0,0.0,0.13,4.136,579.358
6.0,0.29,0.89,1.17,0.15,0.81,0.0,0.0,0.0,0.0,0.2,6.418,563.845
5.0,0.3,0.98,0.96,0.1,0.95,0.0,0.0,0.0,0.0,0.15,4.24,575.037
5.0,0.29,0.97,0.91,0.16,0.81,0.0,0.0,0.0,0.0,0.27,114.504,312.252
6.0,0.3,1.04,1.09,0.25,1.03,0.0,0.0,0.0,0.0,0.17,3.098,584.502
7.0,0.31,0.93,0.96,0.18,0.99,0.0,0.0,0.0,0.0,0.18,51.546,451.851
6.0,0.3,1.02,1.06,0.26,0.99,0.0,0.0,0.0,0.0,0.13,7.983,574.33
6.0,0.33,0.94,1.19,0.21,0.92,0.0,0.0,0.0,0.0,0.24,5.927,605.247
5.0,0.29,0.85,0.95,0.15,0.89,0.0,0.0,0.0,0.0,0.28,3.437,565.819
6.0,0.29,0.85,0.97,0.24,1.01,0.0,0.0,0.0,0.0,0.29,6.618,563.223
7.0,0.34,1.02,1.08,0.18,1.04,0.0,0.0,0.0,0.0,0.23,6.533,612.145
6.0,0.31,1.01,1.08,0.15,0.88,0.0,0.0,0.0,0.0,0.23,4.155,587.499
6.0,0.28,0.84,0.97,0.23,0.89,0.0,0.0,0.0,0.0,0.17,3.031,559.137
5.0,0.31,0.84,1.07,0.25,1.01,0.0,0.0,0.0,0.0,0.17,15.416,575.025
7.0,0.33,1.03,0.99,0.15,0.95,0.0,0.0,0.0,0.0,0.13,5.399,601.712
6.0,0.3,1.02,1.19,0.25,1.1,0.0,0.0,0.0,0.0,0.16,5.968,582.135
5.0,0.32,0.9,1.17,0.14,1.1,0.0,0.0,0.0,0.0,0.25,4.573,600.105
5.0,0.29,0.93,1.17,0.13,1.06,0.0,0.0,0.0,0.0,0.18,4.577,572.561
5.0,0.29,0.89,1.16,0.25,1.07,0.0,0.0,0.0,0.0,0.23,3.644,575.04
6.0,0.32,1.0,1.1,0.1,1.07,0.0,0.0,0.0,0.0,0.27,15.528,587.873
5.0,0.29,0.85,0.93,0.29,0.92,0.0,0.0,0.0,0.0,0.13,4.916,563.625
6.0,0.3,0.86,1.11,0.22,0.88,0.0,0.0,0.0,0.0,0.29,41.783,439.558
6.0,0.34,1.06,1.19,0.25,0.93,0.0,0.0,0.0,0.0,0.22,8.99,611.45
6.0,0.29,0.87,1.07,0.2,1.08,0.0,0.0,0.0,0.0,0.27,3.835,571.697
5.0,0.29,0.98,1.05,0.27,0.85,0.0,0.0,0.0,0.0,0.11,4.047,568.767
7.0,0.33,0.93,1.12,0.14,0.93,0.0,0.0,0.0,0.0,0.17,20.964,574.733
7.0,0.33,1.02,1.01,0.27,0.91,0.0,0.0,0.0,0.0,0.17,8.375,598.48
7.0,0.32,0.96,1.05,0.28,1.07,0.0,0.0,0.0,0.0,0.22,13.692,588.622
6.0,0.33,1.08,1.08,0.24,0.96,0.0,0.0,0.0,0.0,0.23,26.786,588.705
7.0,0.28,0.91,1.1,0.16,0.84,0.0,0.0,0.0,0.0,0.2,11.429,531.649
7.0,0.34,1.0,1.19,0.12,0.87,0.0,0.0,0.0,0.0,0.18,11.169,608.964
7.0,0.33,0.97,1.2,0.14,0.86,0.0,0.0,0.0,0.0,0.3,19.544,577.651
7.0,0.32,0.92,1.09,0.28,1.06,0.0,0.0,0.0,0.0,0.24,7.255,593.872
6.0,0.3,0.91,0.91,0.12,0.83,0.0,0.0,0.0,0.0,0.11,4.671,570.872
5.0,0.29,0.86,1.06,0.23,0.97,0.0,0.0,0.0,0.0,0.11,208.333,245.683
7.0,0.32,0.89,1.0,0.24,1.02,0.0,0.0,0.0,0.0,0.14,18.975,575.629
5.0,0.32,0.91,0.95,0.19,0.99,0.0,0.0,0.0,0.0,0.13,4.198,593.734
6.0,0.3,0.97,1.0,0.24,0.87,0.0,0.0,0.0,0.0,0.26,4.075,576.204
7.0,0.31,0.93,0.94,0.2,0.8,0.0,0.0,0.0,0.0,0.23,12.831,558.432
5.0,0.31,1.06,1.15,0.16,0.85,0.0,0.0,0.0,0.0,0.22,10.977,580.793
7.0,0.3,0.88,0.99,0.14,1.07,0.0,0.0,0.0,0.0,0.12,21.49,540.016
5.0,0.31,0.9,0.99,0.22,0.84,0.0,0.0,0.0,0.0,0.11,14.388,569.579
6.0,0.32,0.9,1.2,0.24,1.02,0.0,0.0,0.0,0.0,0.3,4.718,600.149
7.0,0.32,0.84,1.18,0.1,0.93,0.0,0.0,0.0,0.0,0.23,3.191,599.958
6.0,0.31,1.02,1.01,0.12,0.93,0.0,0.0,0.0,0.0,0.29,3.3,588.376
5.0,0.28,0.84,1.07,0.2,0.84,0.0,0.0,0.0,0.0,0.15,12.23,536.534
6.0,0.3,0.95,1.18,0.12,1.06,0.0,0.0,0.0,0.0,0.3,14.098,570.101
5.0,0.34,0.81,0.95,0.15,1.02,0.0,0.0,0.0,0.0,0.25,4.829,609.783
7.0,0.33,1.0,1.18,0.1,0.91,0.0,0.0,0.0,0.0,0.24,3.369,609.718
7.0,0.3,1.0,1.01,0.28,1.1,0.0,0.0,0.0,0.0,0.18,3.73,581.584
5.0,0.33,1.01,0.93,0.17,0.84,0.0,0.0,0.0,0.0,0.26,3.631,601.889
6.0,0.32,1.03,0.96,0.28,1.09,0.0,0.0,0.0,0.0,0.27,8.163,590.997
6.0,0.34,0.95,1.1,0.17,1.01,0.0,0.0,0.0,0.0,0.22,3.216,618.39
6.0,0.33,0.85,1.17,0.22,0.96,0.0,0.0,0.0,0.0,0.11,4.079,607.825
7.0,0.29,1.02,1.09,0.12,0.9,0.0,0.0,0.0,0.0,0.26,4.376,569.173
7.0,0.34,1.08,0.96,0.21,0.94,0.0,0.0,0.0,0.0,0.29,12.0,605.94
6.0,0.31,0.91,0.97,0.16,0.87,0.0,0.0,0.0,0.0,0.29,35.757,489.743
6.0,0.3,1.07,1.12,0.27,0.81,0.0,0.0,0.0,0.0,0.3,5.816,576.577
7.0,0.29,1.09,1.15,0.17,0.96,0.0,0.0,0.0,0.0,0.13,5.157,570.842
7.0,0.28,0.86,0.98,0.15,0.95,0.0,0.0,0.0,0.0,0.29,3.524,558.573
6.0,0.31,0.87,1.1,0.17,0.92,0.0,0.0,0.0,0.0,0.14,10.819,576.466
7.0,0.29,1.05,1.05,0.23,1.03,0.0,0.0,0.0,0.0,0.21,4.71,570.134
6.0,0.29,1.03,0.96,0.13,0.97,0.0,0.0,0.0,0.0,0.18,11.253,556.42
6.0,0.34,0.81,0.94,0.19,0.89,0.0,0.0,0.0,0.0,0.19,5.858,606.017
6.0,0.3,0.93,1.02,0.15,1.04,0.0,0.0,0.0,0.0,0.1,3.2,580.488
5.0,0.29,0.84,0.97,0.2,0.85,0.0,0.0,0.0,0.0,0.27,8.385,556.27
7.0,0.29,0.82,1.15,0.15,1.09,0.0,0.0,0.0,0.0,0.27,31.646,479.114
7.0,0.28,0.9,1.01,0.22,1.04,0.0,0.0,0.0,0.0,0.2,3.6,561.619
7.0,0.29,0.85,1.19,0.13,0.99,0.0,0.0,0.0,0.0,0.22,4.769,570.946
5.0,0.33,1.07,0.92,0.22,0.84,0.0,0.0,0.0,0.0,0.16,6.297,597.686
6.0,0.34,1.08,0.98,0.29,0.99,0.0,0.0,0.0,0.0,0.13,1034.483,213.918
6.0,0.28,0.92,0.91,0.11,1.01,0.0,0.0,0.0,0.0,0.22,7.319,550.323
7.0,0.31,1.07,1.19,0.16,1.04,0.0,0.0,0.0,0.0,0.2,4.182,593.083
6.0,0.33,1.09,1.11,0.23,1.09,0.0,0.0,0.0,0.0,0.26,3.092,612.874
7.0,0.32,0.98,0.91,0.23,0.9,0.0,0.0,0.0,0.0,0.18,8.434,586.91
7.0,0.32,0.83,1.16,0.11,0.84,0.0,0.0,0.0,0.0,0.25,3.114,598.181
6.0,0.31,0.88,1.12,0.3,0.99,0.0,0.0,0.0,0.0,0.17,4.96,587.898
7.0,0.3,0.95,1.12,0.24,0.89,0.0,0.0,0.0,0.0,0.22,3.391,581.194
7.0,0.32,0.94,1.06,0.2,0.86,0.0,0.0,0.0,0.0,0.18,3.019,598.014
6.0,0.3,1.09,1.06,0.17,0.99,0.0,0.0,0.0,0.0,0.26,14.57,568.343
5.0,0.32,0.99,1.02,0.23,0.91,0.0,0.0,0.0,0.0,0.22,3.545,597.065
5.0,0.3,0.8,1.2,0.18,1.0,0.0,0.0,0.0,0.0,0.21,3.865,582.373
6.0,0.32,0.83,1.0,0.18,0.81,0.0,0.0,0.0,0.0,0.11,47.17,381.376
5.0,0.34,0.88,1.0,0.25,0.97,0.0,0.0,0.0,0.0,0.14,8.601,606.049
5.0,0.34,1.06,1.01,0.16,0.87,0.0,0.0,0.0,0.0,0.18,4.293,612.266
6.0,0.29,0.81,1.03,0.3,0.89,0.0,0.0,0.0,0.0,0.14,3.723,568.001
7.0,0.31,0.99,0.95,0.19,0.85,0.0,0.0,0.0,0.0,0.1,4.231,583.465
7.0,0.3,0.83,1.07,0.28,1.02,0.0,0.0,0.0,0.0,0.17,3.842,579.792
5.0,0.31,0.94,0.99,0.19,0.8,0.0,0.0,0.0,0.0,0.13,5.214,581.301
7.0,0.33,0.91,1.16,0.21,0.94,0.0,0.0,0.0,0.0,0.16,3.885,608.258
7.0,0.34,0.9,0.95,0.18,1.06,0.0,0.0,0.0,0.0,0.12,7.985,606.473
7.0,0.3,0.94,1.15,0.29,0.97,0.0,0.0,0.0,0.0,0.11,7.294,577.273
6.0,0.34,0.94,0.95,0.13,1.04,0.0,0.0,0.0,0.0,0.2,3.264,614.29
7.0,0.29,1.03,0.94,0.16,0.85,0.0,0.0,0.0,0.0,0.19,4.762,563.963
6.0,0.29,0.92,0.96,0.23,0.91,0.0,0.0,0.0,0.0,0.21,8.283,558.793
6.0,0.32,1.01,1.11,0.14,0.92,0.0,0.0,0.0,0.0,0.19,4.922,596.168
7.0,0.34,0.91,0.97,0.24,1.03,0.0,0.0,0.0,0.0,0.21,7.802,607.327
7.0,0.32,1.03,0.94,0.2,1.07,0.0,0.0,0.0,0.0,0.17,4.208,596.108
7.0,0.31,0.97,1.06,0.11,0.84,0.0,0.0,0.0,0.0,0.24,4.675,584.499
7.0,0.31,0.86,0.99,0.18,0.99,0.0,0.0,0.0,0.0,0.3,34.722,492.23
7.0,0.33,0.8,1.18,0.21,0.87,0.0,0.0,0.0,0.0,0.14,4.259,605.647
7.0,0.32,0.82,1.16,0.24,0.99,0.0,0.0,0.0,0.0,0.23,6.106,595.387
6.0,0.3,1.04,1.16,0.22,0.91,0.0,0.0,0.0,0.0,0.22,6.659,577.289
5.0,0.32,0.88,0.96,0.12,0.86,0.0,0.0,0.0,0.0,0.22,6.555,587.602
7.0,0.32,0.89,1.14,0.24,0.87,0.0,0.0,0.0,0.0,0.28,8.549,590.522
5.0,0.31,0.86,0.95,0.26,1.09,0.0,0.0,0.0,0.0,0.16,3.006,589.523
6.0,0.31,1.03,1.02,0.26,1.07,0.0,0.0,0.0,0.0,0.18,14.012,579.684
7.0,0.32,1.07,1.15,0.23,0.84,0.0,0.0,0.0,0.0,0.16,508.475,200.577
6.0,0.34,1.02,1.03,0.22,0.93,0.0,0.0,0.0,0.0,0.13,3.893,614.68
7.0,0.28,0.85,1.01,0.12,0.81,0.0,0.0,0.0,0.0,0.2,6.403,545.047
5.0,0.31,1.06,0.98,0.23,1.05,0.0,0.0,0.0,0.0,0.18,3.241,590.363
5.0,0.33,0.8,1.09,0.21,1.0,0.0,0.0,0.0,0.0,0.16,4.782,604.25
7.0,0.32,1.09,1.07,0.29,1.09,0.0,0.0,0.0,0.0,0.28,11.628,591.477
6.0,0.3,0.85,0.93,0.23,0.93,0.0,0.0,0.0,0.0,0.14,3.213,576.621
7.0,0.29,0.9,1.09,0.2,0.82,0.0,0.0,0.0,0.0,0.28,8.987,554.67
5.0,0.32,1.04,1.0,0.16,1.05,0.0,0.0,0.0,0.0,0.24,40.0,569.535
7.0,0.34,0.97,1.18,0.21,1.03,0.0,0.0,0.0,0.0,0.26,3.364,620.353
7.0,0.32,1.08,1.18,0.14,0.81,0.0,0.0,0.0,0.0,0.12,3.69,599.07
5.0,0.29,1.06,1.03,0.26,1.06,0.0,0.0,0.0,0.0,0.25,3.54,573.013
6.0,0.32,0.84,1.0,0.21,0.9,0.0,0.0,0.0,0.0,0.25,26.339,543.213
7.0,0.33,1.01,1.12,0.11,0.92,0.0,0.0,0.0,0.0,0.17,3.987,606.929
7.0,0.34,1.0,0.96,0.28,1.09,0.0,0.0,0.0,0.0,0.25,7.031,610.254
5.0,0.28,0.98,0.92,0.23,1.03,0.0,0.0,0.0,0.0,0.22,13.363,545.948
6.0,0.31,0.98,1.07,0.28,0.8,0.0,0.0,0.0,0.0,0.28,3.644,587.854
5.0,0.3,1.01,0.96,0.19,0.9,0.0,0.0,0.0,0.0,0.17,6.238,571.782
7.0,0.29,0.84,1.11,0.21,0.86,0.0,0.0,0.0,0.0,0.18,12.959,534.84
5.0,0.3,0.82,0.95,0.26,0.88,0.0,0.0,0.0,0.0,0.17,4.745,572.73
7.0,0.34,0.86,1.17,0.29,0.88,0.0,0.0,0.0,0.0,0.11,14.252,598.512
5.0,0.34,0.85,1.17,0.15,1.08,0.0,0.0,0.0,0.0,0.28,6.191,614.202
5.0,0.3,1.1,0.92,0.24,1.01,0.0,0.0,0.0,0.0,0.15,10.858,568.813
6.0,0.33,0.88,1.19,0.18,1.08,0.0,0.0,0.0,0.0,0.15,5.969,606.83
6.0,0.3,1.04,0.91,0.1,0.82,0.0,0.0,0.0,0.0,0.16,3.42,574.232
7.0,0.32,1.07,1.18,0.24,1.08,0.0,0.0,0.0,0.0,0.25,12.637,595.054
7.0,0.33,0.88,0.9,0.28,0.93,0.0,0.0,0.0,0.0,0.25,3.333,602.743
5.0,0.28,1.1,0.92,0.16,1.09,0.0,0.0,0.0,0.0,0.26,4.497,559.125
7.0,0.31,0.83,0.91,0.15,0.83,0.0,0.0,0.0,0.0,0.2,3.301,582.253
7.0,0.31,0.84,0.96,0.27,0.91,0.0,0.0,0.0,0.0,0.22,4.401,583.325
7.0,0.31,1.05,1.04,0.24,0.91,0.0,0.0,0.0,0.0,0.22,5.237,585.367
6.0,0.28,0.91,0.93,0.26,0.85,0.0,0.0,0.0,0.0,0.27,3.4,557.383
7.0,0.3,0.84,0.98,0.12,1.07,0.0,0.0,0.0,0.0,0.19,3.952,577.331
5.0,0.29,0.96,0.99,0.23,0.92,0.0,0.0,0.0,0.0,0.28,3.612,568.765
5.0,0.3,0.9,1.0,0.16,0.83,0.0,0.0,0.0,0.0,0.12,4.565,573.71
5.0,0.29,0.98,1.04,0.25,0.87,0.0,0.0,0.0,0.0,0.19,14.577,553.772
5.0,0.3,1.05,1.02,0.23,1.0,0.0,0.0,0.0,0.0,0.23,15.666,567.431
7.0,0.33,0.94,1.09,0.26,0.98,0.0,0.0,0.0,0.0,0.12,30.488,568.678
5.0,0.31,1.09,1.15,0.16,0.81,0.0,0.0,0.0,0.0,0.18,6.195,585.009
6.0,0.3,1.08,0.9,0.19,0.95,0.0,0.0,0.0,0.0,0.23,3.624,576.661
5.0,0.3,1.09,0.95,0.29,1.07,0.0,0.0,0.0,0.0,0.27,9.603,571.977
7.0,0.31,0.82,1.13,0.17,1.06,0.0,0.0,0.0,0.0,0.22,5.172,587.802
5.0,0.31,1.1,0.93,0.19,1.01,0.0,0.0,0.0,0.0,0.12,4.809,584.928
7.0,0.3,0.9,1.0,0.12,0.99,0.0,0.0,0.0,0.0,0.2,3.141,579.337
6.0,0.33,1.05,1.18,0.29,0.94,0.0,0.0,0.0,0.0,0.24,14.955,600.504
6.0,0.33,0.82,0.97,0.2,0.9,0.0,0.0,0.0,0.0,0.28,6.986,598.395
6.0,0.29,0.96,1.01,0.19,0.98,0.0,0.0,0.0,0.0,0.27,3.327,570.687
5.0,0.29,1.01,0.93,0.19,0.88,0.0,0.0,0.0,0.0,0.11,8.219,558.901
7.0,0.33,0.9,0.92,0.27,1.03,0.0,0.0,0.0,0.0,0.28,3.066,605.764
7.0,0.28,0.81,1.04,0.1,1.04,0.0,0.0,0.0,0.0,0.11,4.893,556.826
5.0,0.31,0.91,0.95,0.27,0.87,0.0,0.0,0.0,0.0,0.28,5.489,581.181
6.0,0.29,0.82,0.91,0.2,1.03,0.0,0.0,0.0,0.0,0.22,5.872,562.516
5.0,0.3,0.91,1.16,0.27,1.05,0.0,0.0,0.0,0.0,0.2,4.401,582.252
7.0,0.33,0.88,0.94,0.21,1.03,0.0,0.0,0.0,0.0,0.23,4.063,603.055
5.0,0.28,1.04,1.15,0.22,0.8,0.0,0.0,0.0,0.0,0.13,111.94,357.89
5.0,0.29,0.92,1.06,0.12,0.8,0.0,0.0,0.0,0.0,0.29,14.933,540.471
7.0,0.33,1.06,1.0,0.25,1.08,0.0,0.0,0.0,0.0,0.16,94.044,494.868
7.0,0.29,1.07,0.92,0.17,0.9,0.0,0.0,0.0,0.0,0.18,5.914,563.191
6.0,0.33,0.83,1.16,0.22,0.84,0.0,0.0,0.0,0.0,0.14,38.86,493.462
6.0,0.29,1.08,0.97,0.13,0.88,0.0,0.0,0.0,0.0,0.16,27.548,527.125
7.0,0.33,1.06,0.92,0.16,1.07,0.0,0.0,0.0,0.0,0.22,7.299,599.418
6.0,0.34,0.93,0.93,0.18,0.95,0.0,0.0,0.0,0.0,0.26,4.396,610.535
7.0,0.32,0.8,1.17,0.24,1.03,0.0,0.0,0.0,0.0,0.18,3.013,602.475
6.0,0.29,0.93,0.95,0.2,1.02,0.0,0.0,0.0,0.0,0.13,7.395,562.591
5.0,0.3,1.01,1.13,0.25,0.95,0.0,0.0,0.0,0.0,0.29,42.373,533.405
6.0,0.32,0.93,1.15,0.28,1.02,0.0,0.0,0.0,0.0,0.16,11.211,593.057
7.0,0.29,1.06,0.94,0.23,0.93,0.0,0.0,0.0,0.0,0.11,4.167,567.376
5.0,0.29,0.87,1.17,0.19,1.07,0.0,0.0,0.0,0.0,0.17,49.587,493.254
7.0,0.34,0.83,1.18,0.17,0.89,0.0,0.0,0.0,0.0,0.25,6.277,613.604
5.0,0.3,1.03,0.91,0.18,1.03,0.0,0.0,0.0,0.0,0.24,4.349,575.921
7.0,0.3,0.92,1.08,0.11,1.07,0.0,0.0,0.0,0.0,0.2,30.706,521.027
7.0,0.33,1.01,0.94,0.15,0.99,0.0,0.0,0.0,0.0,0.29,12.69,593.46
6.0,0.29,0.95,0.93,0.22,1.03,0.0,0.0,0.0,0.0,0.3,5.026,565.714
5.0,0.3,0.82,0.95,0.3,0.95,0.0,0.0,0.0,0.0,0.2,15.56,559.097
6.0,0.28,0.92,1.08,0.25,0.97,0.0,0.0,0.0,0.0,0.27,5.657,558.753
7.0,0.29,0.87,1.02,0.22,1.01,0.0,0.0,0.0,0.0,0.17,5.227,566.955
6.0,0.34,0.96,1.16,0.11,0.82,0.0,0.0,0.0,0.0,0.29,10.274,607.488
5.0,0.31,0.84,1.04,0.12,0.8,0.0,0.0,0.0,0.0,0.24,4.16,583.04
5.0,0.33,1.08,0.97,0.22,0.92,0.0,0.0,0.0,0.0,0.17,5.372,601.847
7.0,0.33,0.91,1.1,0.22,1.04,0.0,0.0,0.0,0.0,0.24,3.353,609.65
6.0,0.29,1.01,0.96,0.19,1.07,0.0,0.0,0.0,0.0,0.3,6.542,565.183
5.0,0.33,0.99,1.18,0.26,0.96,0.0,0.0,0.0,0.0,0.21,3.676,610.266
6.0,0.28,0.92,1.11,0.25,0.86,0.0,0.0,0.0,0.0,0.29,3.305,562.111
5.0,0.31,0.94,0.97,0.19,0.88,0.0,0.0,0.0,0.0,0.2,7.528,578.703
5.0,0.3,1.02,1.08,0.2,0.94,0.0,0.0,0.0,0.0,0.13,4.278,579.256
5.0,0.3,1.04,1.07,0.18,0.86,0.0,0.0,0.0,0.0,0.11,483.871,195.956
6.0,0.33,1.0,1.03,0.14,0.82,0.0,0.0,0.0,0.0,0.23,10.604,595.347
6.0,0.32,1.1,1.0,0.27,0.99,0.0,0.0,0.0,0.0,0.19,4.016,597.591
6.0,0.33,0.85,1.1,0.22,0.98,0.0,0.0,0.0,0.0,0.17,16.331,592.526
6.0,0.3,0.98,1.16,0.2,1.0,0.0,0.0,0.0,0.0,0.23,3.055,584.976
6.0,0.3,1.09,1.08,0.27,0.86,0.0,0.0,0.0,0.0,0.28,118.11,383.367
6.0,0.32,0.82,1.1,0.29,0.83,0.0,0.0,0.0,0.0,0.16,3.944,595.593
6.0,0.3,1.09,1.2,0.21,0.87,0.0,0.0,0.0,0.0,0.28,13.882,570.01
6.0,0.33,1.08,1.09,0.25,0.81,0.0,0.0,0.0,0.0,0.24,3.049,608.07
6.0,0.33,0.93,0.96,0.25,0.93,0.0,0.0,0.0,0.0,0.14,3.749,603.595
7.0,0.3,0.97,1.18,0.13,0.97,0.0,0.0,0.0,0.0,0.12,133.929,300.072
7.0,0.32,0.95,1.11,0.25,1.06,0.0,0.0,0.0,0.0,0.23,11.816,591.425
6.0,0.34,1.07,0.96,0.14,1.04,0.0,0.0,0.0,0.0,0.14,4.118,613.952
5.0,0.3,1.06,1.18,0.28,0.81,0.0,0.0,0.0,0.0,0.17,3.49,582.793
6.0,0.32,1.03,1.05,0.15,0.96,0.0,0.0,0.0,0.0,0.21,16.62,583.579
7.0,0.32,0.81,1.2,0.2,0.85,0.0,0.0,0.0,0.0,0.16,3.086,599.992
6.0,0.3,0.83,0.97,0.17,0.89,0.0,0.0,0.0,0.0,0.2,22.814,516.807
6.0,0.28,1.06,0.9,0.21,0.86,0.0,0.0,0.0,0.0,0.18,7.366,550.112
7.0,0.32,0.82,1.01,0.29,0.93,0.0,0.0,0.0,0.0,0.27,12.632,580.443
7.0,0.32,1.02,1.09,0.13,1.05,0.0,0.0,0.0,0.0,0.21,6.27,594.936
5.0,0.31,0.91,1.16,0.25,0.87,0.0,0.0,0.0,0.0,0.11,3.299,591.286
5.0,0.33,0.98,1.2,0.14,0.91,0.0,0.0,0.0,0.0,0.24,14.563,598.417
7.0,0.28,1.03,1.0,0.19,0.92,0.0,0.0,0.0,0.0,0.12,9.963,547.12
7.0,0.29,1.03,1.09,0.25,0.9,0.0,0.0,0.0,0.0,0.19,6.104,567.544
6.0,0.32,0.83,1.09,0.11,0.9,0.0,0.0,0.0,0.0,0.28,8.982,587.261
7.0,0.34,0.97,0.97,0.25,1.02,0.0,0.0,0.0,0.0,0.22,3.475,615.221
7.0,0.31,0.96,0.9,0.16,1.09,0.0,0.0,0.0,0.0,0.21,6.749,581.137
6.0,0.31,1.01,1.17,0.24,0.93,0.0,0.0,0.0,0.0,0.22,6.887,586.254
5.0,0.28,1.07,1.0,0.26,0.86,0.0,0.0,0.0,0.0,0.2,31.949,517.515
6.0,0.28,0.85,1.13,0.13,1.1,0.0,0.0,0.0,0.0,0.24,5.271,561.075
5.0,0.33,1.08,1.15,0.26,0.83,0.0,0.0,0.0,0.0,0.13,9.839,599.475
5.0,0.28,1.05,1.05,0.27,1.07,0.0,0.0,0.0,0.0,0.27,31.414,536.781
5.0,0.32,1.04,0.91,0.12,0.82,0.0,0.0,0.0,0.0,0.22,72.115,449.803
6.0,0.33,0.92,0.9,0.23,0.96,0.0,0.0,0.0,0.0,0.18,3.98,601.653
7.0,0.31,1.06,1.02,0.28,1.0,0.0,0.0,0.0,0.0,0.28,5.208,586.74
7.0,0.32,0.84,1.2,0.21,0.97,0.0,0.0,0.0,0.0,0.22,3.117,602.22
5.0,0.29,0.96,0.93,0.14,0.84,0.0,0.0,0.0,0.0,0.22,24.49,520.559
7.0,0.33,0.95,1.05,0.3,1.08,0.0,0.0,0.0,0.0,0.11,9.631,599.857
7.0,0.3,0.97,1.01,0.26,0.9,0.0,0.0,0.0,0.0,0.17,27.076,523.009
7.0,0.28,0.96,1.19,0.24,0.87,0.0,0.0,0.0,0.0,0.16,6.247,558.103
5.0,0.33,0.96,1.11,0.28,0.96,0.0,0.0,0.0,0.0,0.25,3.701,608.777
5.0,0.31,0.94,1.09,0.12,0.97,0.0,0.0,0.0,0.0,0.13,24.773,559.942
5.0,0.3,1.05,1.15,0.28,0.92,0.0,0.0,0.0,0.0,0.18,4.222,581.901
5.0,0.3,0.81,0.95,0.18,0.98,0.0,0.0,0.0,0.0,0.26,3.551,576.211
7.0,0.29,1.01,1.12,0.15,0.98,0.0,0.0,0.0,0.0,0.12,17.483,548.318
7.0,0.33,0.84,1.08,0.19,0.96,0.0,0.0,0.0,0.0,0.25,21.692,568.451
7.0,0.33,0.81,1.19,0.19,1.08,0.0,0.0,0.0,0.0,0.14,9.366,603.717
6.0,0.33,0.92,1.09,0.17,1.06,0.0,0.0,0.0,0.0,0.28,15.865,596.096
7.0,0.29,1.02,1.12,0.17,0.96,0.0,0.0,0.0,0.0,0.28,11.862,558.711
7.0,0.28,1.03,1.13,0.15,0.86,0.0,0.0,0.0,0.0,0.24,3.979,561.371
7.0,0.34,1.04,1.14,0.27,0.9,0.0,0.0,0.0,0.0,0.16,7.54,611.167
6.0,0.29,1.03,1.13,0.11,0.88,0.0,0.0,0.0,0.0,0.17,5.952,567.574
7.0,0.3,0.99,1.03,0.21,0.85,0.0,0.0,0.0,0.0,0.16,8.741,568.405
5.0,0.33,0.87,0.92,0.11,0.88,0.0,0.0,0.0,0.0,0.22,15.723,585.454
6.0,0.29,1.08,0.95,0.24,0.98,0.0,0.0,0.0,0.0,0.22,3.944,569.241
6.0,0.33,0.92,0.94,0.17,0.82,0.0,0.0,0.0,0.0,0.12,13.004,587.819
5.0,0.32,0.82,0.92,0.24,1.07,0.0,0.0,0.0,0.0,0.26,5.145,591.771
6.0,0.33,0.96,1.14,0.27,0.97,0.0,0.0,0.0,0.0,0.14,40.268,565.598
5.0,0.33,1.05,1.04,0.19,0.93,0.0,0.0,0.0,0.0,0.3,5.081,603.82
6.0,0.32,1.09,1.07,0.26,0.86,0.0,0.0,0.0,0.0,0.12,5.68,594.073
6.0,0.32,0.9,0.92,0.24,1.07,0.0,0.0,0.0,0.0,0.23,6.408,590.656
5.0,0.29,0.89,1.01,0.19,1.03,0.0,0.0,0.0,0.0,0.25,65.217,432.114
6.0,0.3,1.0,0.94,0.11,0.99,0.0,0.0,0.0,0.0,0.11,3.332,577.623
5.0,0.29,1.0,1.05,0.17,0.81,0.0,0.0,0.0,0.0,0.16,6.967,562.247
7.0,0.31,0.95,1.03,0.17,0.93,0.0,0.0,0.0,0.0,0.2,5.13,584.542
5.0,0.33,0.9,0.99,0.2,1.07,0.0,0.0,0.0,0.0,0.17,8.711,598.263
5.0,0.34,1.04,1.07,0.12,1.07,0.0,0.0,0.0,0.0,0.11,4.225,616.657
7.0,0.31,1.07,1.06,0.13,1.04,0.0,0.0,0.0,0.0,0.26,8.394,583.039
7.0,0.3,0.88,1.07,0.29,1.08,0.0,0.0,0.0,0.0,0.28,5.202,578.625
6.0,0.31,0.82,1.11,0.22,0.94,0.0,0.0,0.0,0.0,0.2,18.282,557.406
7.0,0.33,1.06,0.93,0.27,0.83,0.0,0.0,0.0,0.0,0.16,8.899,596.453
5.0,0.3,0.86,0.97,0.25,0.98,0.0,0.0,0.0,0.0,0.29,291.262,215.461
5.0,0.3,0.85,1.04,0.19,1.09,0.0,0.0,0.0,0.0,0.14,5.015,577.186
7.0,0.29,1.02,1.0,0.11,0.94,0.0,0.0,0.0,0.0,0.19,18.939,538.496
7.0,0.33,1.06,0.99,0.11,1.09,0.0,0.0,0.0,0.0,0.16,9.888,598.466
7.0,0.33,1.09,1.05,0.18,1.06,0.0,0.0,0.0,0.0,0.28,30.211,585.904
6.0,0.33,0.89,1.13,0.16,1.09,0.0,0.0,0.0,0.0,0.29,65.359,511.898
5.0,0.34,1.08,0.96,0.13,0.92,0.0,0.0,0.0,0.0,0.27,7.215,607.004
7.0,0.29,0.91,1.19,0.3,1.09,0.0,0.0,0.0,0.0,0.24,74.813,410.931
7.0,0.29,1.02,1.15,0.18,0.9,0.0,0.0,0.0,0.0,0.2,19.33,540.829
6.0,0.29,0.99,1.07,0.18,0.9,0.0,0.0,0.0,0.0,0.28,112.782,346.371
7.0,0.3,1.0,1.16,0.25,1.09,0.0,0.0,0.0,0.0,0.29,35.006,542.558
6.0,0.34,0.87,0.91,0.2,1.07,0.0,0.0,0.0,0.0,0.27,9.563,603.76
6.0,0.31,1.01,1.05,0.21,1.06,0.0,0.0,0.0,0.0,0.2,21.692,572.282
7.0,0.32,0.85,1.2,0.17,0.95,0.0,0.0,0.0,0.0,0.16,4.326,598.72
6.0,0.3,0.87,0.91,0.11,0.96,0.0,0.0,0.0,0.0,0.27,4.129,573.545
6.0,0.34,1.02,1.08,0.15,1.01,0.0,0.0,0.0,0.0,0.19,9.97,608.224
7.0,0.33,0.9,0.98,0.16,1.03,0.0,0.0,0.0,0.0,0.22,4.858,602.331
5.0,0.29,1.06,1.04,0.24,1.08,0.0,0.0,0.0,0.0,0.21,3.79,572.821
7.0,0.29,0.81,0.91,0.25,0.82,0.0,0.0,0.0,0.0,0.24,3.392,564.389
5.0,0.32,0.8,1.2,0.16,0.99,0.0,0.0,0.0,0.0,0.14,6.879,594.525
5.0,0.3,1.04,1.0,0.23,0.82,0.0,0.0,0.0,0.0,0.11,54.545,485.302
6.0,0.29,0.8,0.91,0.28,1.09,0.0,0.0,0.0,0.0,0.28,3.759,567.606
7.0,0.32,0.89,0.96,0.28,0.95,0.0,0.0,0.0,0.0,0.1,4.603,593.028
7.0,0.33,1.04,1.02,0.29,0.94,0.0,0.0,0.0,0.0,0.2,3.696,606.399
7.0,0.3,1.06,0.95,0.13,1.09,0.0,0.0,0.0,0.0,0.16,3.184,580.711
7.0,0.34,0.8,0.94,0.1,1.05,0.0,0.0,0.0,0.0,0.12,3.681,611.944
5.0,0.33,0.94,1.2,0.2,0.84,0.0,0.0,0.0,0.0,0.18,11.086,600.295
5.0,0.32,1.08,0.96,0.16,0.98,0.0,0.0,0.0,0.0,0.22,7.634,590.043
5.0,0.32,0.99,1.12,0.17,0.97,0.0,0.0,0.0,0.0,0.22,9.699,591.102
7.0,0.32,1.07,1.12,0.27,1.03,0.0,0.0,0.0,0.0,0.24,13.999,591.403
6.0,0.31,0.83,0.99,0.28,1.02,0.0,0.0,0.0,0.0,0.28,128.205,322.531
7.0,0.28,1.05,0.98,0.11,1.08,0.0,0.0,0.0,0.0,0.13,4.477,559.674
6.0,0.32,1.06,0.94,0.17,0.98,0.0,0.0,0.0,0.0,0.11,27.778,571.808
6.0,0.32,0.94,1.19,0.24,0.87,0.0,0.0,0.0,0.0,0.23,3.769,599.969
5.0,0.28,0.99,1.14,0.29,0.84,0.0,0.0,0.0,0.0,0.29,14.577,545.788
6.0,0.29,0.97,1.07,0.29,1.02,0.0,0.0,0.0,0.0,0.29,5.186,569.812
7.0,0.33,0.82,1.01,0.13,0.98,0.0,0.0,0.0,0.0,0.24,9.973,594.273
6.0,0.31,0.87,1.14,0.21,1.0,0.0,0.0,0.0,0.0,0.18,5.11,588.09
5.0,0.29,1.04,1.03,0.25,0.82,0.0,0.0,0.0,0.0,0.29,4.869,566.57
7.0,0.33,0.81,1.12,0.13,0.88,0.0,0.0,0.0,0.0,0.18,4.355,604.077
5.0,0.29,0.88,0.99,0.28,0.92,0.0,0.0,0.0,0.0,0.24,3.244,569.262
7.0,0.33,0.9,1.07,0.22,0.8,0.0,0.0,0.0,0.0,0.27,10.348,593.529
5.0,0.34,0.9,0.96,0.29,0.82,0.0,0.0,0.0,0.0,0.3,3.046,613.141
7.0,0.33,0.99,1.1,0.21,0.82,0.0,0.0,0.0,0.0,0.24,6.011,601.663
5.0,0.28,1.0,1.13,0.27,0.92,0.0,0.0,0.0,0.0,0.15,5.908,559.365
6.0,0.3,1.02,1.05,0.18,0.87,0.0,0.0,0.0,0.0,0.13,53.667,453.248
6.0,0.29,0.94,0.97,0.25,1.06,0.0,0.0,0.0,0.0,0.14,3.494,570.699
5.0,0.3,1.07,1.08,0.26,0.97,0.0,0.0,0.0,0.0,0.2,10.26,572.819
5.0,0.28,0.97,1.13,0.23,0.8,0.0,0.0,0.0,0.0,0.26,8.186,552.762
6.0,0.31,0.94,1.19,0.13,0.95,0.0,0.0,0.0,0.0,0.14,3.996,590.999
7.0,0.29,1.07,0.91,0.12,0.87,0.0,0.0,0.0,0.0,0.21,7.636,558.17
5.0,0.32,0.98,1.12,0.18,1.04,0.0,0.0,0.0,0.0,0.17,3.539,600.722
6.0,0.28,0.9,1.19,0.2,1.0,0.0,0.0,0.0,0.0,0.1,5.201,561.758
5.0,0.28,1.05,1.06,0.18,0.92,0.0,0.0,0.0,0.0,0.18,3.54,561.966
5.0,0.32,0.98,0.96,0.1,1.09,0.0,0.0,0.0,0.0,0.25,8.601,589.14
6.0,0.29,1.1,0.97,0.17,0.82,0.0,0.0,0.0,0.0,0.12,4.378,565.942
5.0,0.32,0.92,1.0,0.17,0.82,0.0,0.0,0.0,0.0,0.22,4.828,591.055
7.0,0.33,1.0,0.94,0.25,0.93,0.0,0.0,0.0,0.0,0.12,7.376,597.694
5.0,0.28,1.01,0.95,0.29,0.98,0.0,0.0,0.0,0.0,0.24,4.612,558.0
7.0,0.32,0.86,1.16,0.16,0.82,0.0,0.0,0.0,0.0,0.2,3.82,596.736
5.0,0.32,0.85,0.9,0.3,0.88,0.0,0.0,0.0,0.0,0.17,3.383,592.818
7.0,0.29,1.07,0.99,0.22,0.84,0.0,0.0,0.0,0.0,0.14,43.103,444.861
6.0,0.28,1.0,1.19,0.16,0.92,0.0,0.0,0.0,0.0,0.21,10.993,550.94
7.0,0.32,0.9,0.98,0.14,1.03,0.0,0.0,0.0,0.0,0.18,17.71,572.415
7.0,0.3,1.03,1.09,0.14,1.07,0.0,0.0,0.0,0.0,0.13,6.677,577.185
7.0,0.33,1.06,1.12,0.1,0.83,0.0,0.0,0.0,0.0,0.22,3.189,607.99
7.0,0.31,0.85,1.17,0.21,0.9,0.0,0.0,0.0,0.0,0.28,3.896,589.546
5.0,0.29,0.99,1.18,0.23,0.9,0.0,0.0,0.0,0.0,0.28,3.908,573.168
5.0,0.3,0.97,1.11,0.14,1.07,0.0,0.0,0.0,0.0,0.2,12.793,571.15
5.0,0.31,0.97,1.08,0.23,0.98,0.0,0.0,0.0,0.0,0.17,10.01,580.727
7.0,0.28,1.07,0.94,0.13,0.83,0.0,0.0,0.0,0.0,0.2,6.28,550.399
7.0,0.31,0.82,1.19,0.15,1.07,0.0,0.0,0.0,0.0,0.19,5.177,589.405
6.0,0.32,0.86,1.15,0.13,0.89,0.0,0.0,0.0,0.0,0.11,4.923,595.043
7.0,0.31,0.99,1.1,0.13,0.88,0.0,0.0,0.0,0.0,0.16,5.871,585.467
7.0,0.31,1.05,1.11,0.27,0.88,0.0,0.0,0.0,0.0,0.13,4.65,588.086
7.0,0.29,0.91,1.05,0.13,0.99,0.0,0.0,0.0,0.0,0.18,5.839,565.655
7.0,0.31,0.94,0.93,0.16,0.95,0.0,0.0,0.0,0.0,0.16,3.369,585.802
6.0,0.3,1.09,1.19,0.18,0.87,0.0,0.0,0.0,0.0,0.2,7.4,577.929
7.0,0.29,0.91,1.06,0.17,0.8,0.0,0.0,0.0,0.0,0.26,5.583,562.146
6.0,0.33,0.82,1.15,0.28,0.81,0.0,0.0,0.0,0.0,0.25,3.127,607.462
6.0,0.31,0.84,0.91,0.17,0.91,0.0,0.0,0.0,0.0,0.3,4.594,580.797
7.0,0.32,0.97,1.14,0.2,1.1,0.0,0.0,0.0,0.0,0.13,8.194,594.656
6.0,0.29,0.83,0.99,0.23,0.84,0.0,0.0,0.0,0.0,0.19,4.495,563.814
6.0,0.31,1.01,0.92,0.25,1.05,0.0,0.0,0.0,0.0,0.2,19.934,570.526
6.0,0.3,1.01,1.03,0.17,0.99,0.0,0.0,0.0,0.0,0.2,32.189,537.168
5.0,0.33,1.05,1.11,0.11,0.94,0.0,0.0,0.0,0.0,0.19,9.014,600.028
5.0,0.32,1.07,1.19,0.26,0.91,0.0,0.0,0.0,0.0,0.28,14.34,591.573
5.0,0.29,0.95,1.14,0.24,0.82,0.0,0.0,0.0,0.0,0.1,45.249,460.086
6.0,0.3,0.95,0.97,0.12,1.08,0.0,0.0,0.0,0.0,0.25,10.504,569.265
7.0,0.3,0.99,1.16,0.14,1.05,0.0,0.0,0.0,0.0,0.28,5.549,579.988
5.0,0.32,1.04,0.96,0.22,1.01,0.0,0.0,0.0,0.0,0.11,14.815,586.12
7.0,0.3,0.91,1.08,0.26,1.06,0.0,0.0,0.0,0.0,0.21,4.259,580.48
7.0,0.28,1.02,1.2,0.13,0.83,0.0,0.0,0.0,0.0,0.23,6.187,557.111
7.0,0.33,0.95,0.91,0.12,0.99,0.0,0.0,0.0,0.0,0.22,13.812,589.818
6.0,0.33,0.86,0.97,0.24,1.08,0.0,0.0,0.0,0.0,0.12,4.517,603.713
6.0,0.32,0.96,1.05,0.17,0.89,0.0,0.0,0.0,0.0,0.24,6.369,591.436
7.0,0.29,0.81,1.11,0.14,0.87,0.0,0.0,0.0,0.0,0.29,3.011,570.487
6.0,0.33,1.0,1.07,0.25,0.97,0.0,0.0,0.0,0.0,0.3,3.071,609.137
7.0,0.3,1.0,0.98,0.3,0.94,0.0,0.0,0.0,0.0,0.2,4.106,577.518
6.0,0.33,0.84,0.92,0.22,0.92,0.0,0.0,0.0,0.0,0.2,16.667,580.12
6.0,0.32,0.89,1.03,0.21,1.06,0.0,0.0,0.0,0.0,0.18,158.73,337.535
6.0,0.31,0.94,1.07,0.3,0.87,0.0,0.0,0.0,0.0,0.28,3.094,590.176
6.0,0.34,0.99,0.99,0.24,1.08,0.0,0.0,0.0,0.0,0.22,8.359,608.906
5.0,0.34,1.07,1.06,0.28,0.87,0.0,0.0,0.0,0.0,0.17,7.072,609.536
6.0,0.33,1.1,1.03,0.16,1.01,0.0,0.0,0.0,0.0,0.23,4.248,606.142
5.0,0.28,0.88,1.07,0.16,0.85,0.0,0.0,0.0,0.0,0.16,6.039,553.533
6.0,0.34,0.89,1.08,0.1,1.08,0.0,0.0,0.0,0.0,0.17,5.606,612.728
6.0,0.3,0.88,1.01,0.16,1.09,0.0,0.0,0.0,0.0,0.21,32.931,528.463
7.0,0.3,1.02,1.02,0.21,0.81,0.0,0.0,0.0,0.0,0.27,3.634,577.133
7.0,0.29,0.97,0.95,0.15,0.84,0.0,0.0,0.0,0.0,0.2,7.218,557.321
6.0,0.32,0.92,1.12,0.28,0.81,0.0,0.0,0.0,0.0,0.3,6.051,592.945
6.0,0.29,0.89,0.92,0.26,1.03,0.0,0.0,0.0,0.0,0.28,32.051,513.758
7.0,0.3,0.87,1.14,0.25,1.07,0.0,0.0,0.0,0.0,0.23,9.363,574.25
6.0,0.33,1.05,1.05,0.11,0.99,0.0,0.0,0.0,0.0,0.23,3.473,607.851
5.0,0.32,1.03,1.08,0.24,0.95,0.0,0.0,0.0,0.0,0.14,58.14,543.455
7.0,0.3,0.83,0.94,0.21,0.86,0.0,0.0,0.0,0.0,0.23,3.665,574.2
6.0,0.33,0.85,0.91,0.12,0.96,0.0,0.0,0.0,0.0,0.29,4.244,600.305
5.0,0.32,0.82,0.97,0.15,1.08,0.0,0.0,0.0,0.0,0.18,4.205,594.385
6.0,0.31,1.09,1.08,0.13,1.08,0.0,0.0,0.0,0.0,0.3,46.083,551.069
6.0,0.31,1.09,1.15,0.23,1.05,0.0,0.0,0.0,0.0,0.16,16.181,581.59
7.0,0.31,0.96,1.12,0.3,0.93,0.0,0.0,0.0,0.0,0.23,23.166,556.406
7.0,0.29,0.9,1.19,0.18,0.91,0.0,0.0,0.0,0.0,0.17,11.919,549.638
7.0,0.31,1.0,1.16,0.14,0.96,0.0,0.0,0.0,0.0,0.28,5.834,587.062
