Индекс массы тела,Масса,Рост
25.310300652456615,67.32621915219828,1.6309605681405424
37.58905448832688,136.40954396475362,1.9049855146611148
35.93099065759819,121.49134463211136,1.8388151518879625
18.520590294640357,53.90024679940283,1.7059565457763664
35.31601670385761,110.34927856103964,1.767660642426106
19.426946873049168,56.09999727612871,1.6993355535535999
26.488821128787684,73.41674411235113,1.6648160146519626
23.016821834295058,80.81837467691031,1.8738394507196767
24.61644268721622,65.00704489745333,1.6250531334289389
39.23786870247205,129.25279046104654,1.814960840483748
31.49716664628205,110.07873135697862,1.869459081264453
33.05495730285804,85.4563379358443,1.6078807611650747
33.53252329071372,97.18880955505392,1.7024525403720192
36.65295294269406,118.28377570078455,1.7964209238872433
29.874940018603112,82.14363215751094,1.658186710205739
30.01380417990101,90.19017750207104,1.7334810501919844
34.89958539491321,96.99394429720064,1.6671020149826339
28.749870507692428,90.65834617763353,1.7757668718117294
39.513778653718916,141.0123645573445,1.8890972516548346
20.186047781023056,55.166667702916804,1.6531517733633758
21.139727183777957,59.660937682567095,1.6799461015037722
19.873680837979567,64.76846867043905,1.8052720532822588
29.00918576992612,83.75905873364611,1.699214183443078
20.713033009697348,69.60796457703684,1.8331905873883456
27.08552966499235,85.64285274252379,1.778184810721308
27.028003337262245,89.67875375930659,1.8215361735654898
17.29401700256123,42.740168008430445,1.5720638159473665
33.17950652641662,114.7225135357967,1.859470811652667
21.194702407111226,63.97645861310765,1.737386475992395
19.05357420374377,45.54182987370841,1.5460267730561106
26.476940264007506,90.68289441832809,1.8506691647394184
39.12718651927308,109.41596431868632,1.6722493500501598
26.784027057161993,71.84718382842267,1.637822893650261
18.86505738360448,65.72242300173082,1.866498812056914
33.34889016765479,129.58423601831922,1.971221346898774
32.701810353358994,100.16837739354287,1.7501667210224627
23.20543341632738,80.8919074683525,1.8670575123427746
27.21755603142262,71.51264894319428,1.620939739973007
21.87731523070752,71.72782680265863,1.8107013447344824
20.600750525422562,58.11781917544382,1.6796281059455918
16.100714956400907,53.82971169996941,1.8284725556638475
30.228432808105545,85.183932265209,1.678692020944787
29.38881807830372,95.71902020224435,1.8047126477522077
33.88704991622169,119.87323889526026,1.8808070270585793
18.45447572860943,62.72016417662168,1.843540730999781
28.422597936847076,97.12591921903206,1.8485690828568098
18.18216606153456,63.36040652444677,1.8667500324560153
27.335449797309547,86.74997704372211,1.7814415275568478
35.19186020852311,107.29971855591315,1.7461364552729177
37.1391505005409,117.51974191015967,1.7788504240511667
25.41929326527822,72.36160054155042,1.6872224534077431
23.4469327448486,71.47593412694094,1.7459704981101891
31.644976158391657,84.0106989793203,1.6293519797857356
31.130169021765553,96.2185283341126,1.7580799282683777
17.45197082709172,58.78526452007191,1.8353208534228473
29.328086945326287,78.11029223115992,1.6319703485685617
27.88073806335301,70.45397144697723,1.589646676431299
30.74892421179092,93.29988332993788,1.7419094983530181
37.65238445912584,123.38046940437386,1.8102016934483618
22.92663330228097,83.99807436177818,1.9140995566051406
35.18008429980952,92.37274726296634,1.6204046925718507
18.836163196192814,55.40115843508735,1.7149963524371528
16.50370513598965,51.15004206262154,1.7604847595191626
27.55870615227856,90.59794963232818,1.8131334596546194
19.435044554191425,60.75137970191644,1.768012383027899
32.976828865001586,114.40836408824822,1.8626207750794364
33.54833230966206,91.53815480071124,1.6518309867052454
29.02531392015431,96.26817034046364,1.8211800999629497
29.06889850785617,82.68799579692003,1.6865799959854684
18.67767221642124,56.845117174886724,1.7445571788790941
36.74394330204757,108.80892046840785,1.7208355510184399
25.037785131839094,79.39024628799216,1.7806789326791028
24.147476839005808,75.92960274324102,1.7732488413638794
38.613380515187174,134.55491955906874,1.8667272965546837
27.90851943108036,85.9648503367697,1.7550603587237856
17.078608984697308,59.59570713482327,1.868018792228436
34.15724499517049,120.93319849605194,1.881617538016415
27.417725496898683,74.61472024195845,1.6496679824742413
36.47817495685317,110.52090007652059,1.7406267583891832
37.46463880919822,112.22126891373024,1.7307200007079697
20.238883873880468,67.26709477808619,1.823089779402552
16.22975181990205,37.1182352921554,1.5122991944358446
19.492968067176555,55.508409535776174,1.6874868850693097
28.829002333273195,82.09961745341859,1.6875465448498874
18.10099949658605,43.92488138975926,1.5577724561733939
27.425166219426856,85.41237394816955,1.7647604497358282
17.778400281784513,48.40587508956982,1.6500712514622504
37.64555083719781,109.10787255145206,1.7024376518342872
17.35012916233191,58.712025807289464,1.8395524566608015
35.61573583037678,105.4293058583812,1.720519950381907
38.149565286412624,112.85135817363717,1.7199213925830747
17.37542585577639,54.01801494868218,1.7632000178975136
26.47492897514037,89.5375050506641,1.8390142415791213
26.82712698110462,92.30957776198991,1.854967477838493
24.8712482835486,78.88482191218125,1.7809344431588903
31.589980088390575,91.63882605031534,1.7031977801854254
27.93476392828974,73.05177641339779,1.6171223810990651
38.015516061196,126.49825328632615,1.8241553411606402
21.83955530185725,78.60686562428417,1.8971791550606771
23.983455438070656,86.16352549068851,1.8954217194838334
24.23295079186083,67.15220553836463,1.6646655438569826
35.89585962549876,106.18461988180212,1.719921515083569
34.13921196577341,128.29008995068565,1.938517869646951
35.780050310795,113.02904572859099,1.7773565419367519
33.39407650433461,101.35391202909366,1.7421499755923306
21.095584555515693,64.48439737151283,1.7483627328108153
35.759556304533525,143.4150891869501,2.002632974948315
32.3767020995767,98.03333594457334,1.7400854917220547
29.163546136962125,111.2852809670119,1.953433799595615
28.114022575768026,88.97775971967987,1.7790134799160502
20.379839970110684,59.27816329155335,1.7054813894134553
24.918312276640858,79.03107231162984,1.7809003744950473
34.01664406955451,111.79847098182401,1.8128931126774512
19.911302213770714,59.45583150654768,1.7280145563504326
21.14983372534356,62.79512931503786,1.7230961055220577
23.902914276585275,67.77660072553309,1.6838928958975563
31.705702658539707,98.62617263699775,1.7637108992298098
29.72287340912431,90.24959810327898,1.7425178771805887
35.68364064285054,126.2697160352456,1.8811136002930962
23.424065403047255,71.36910631791925,1.7455166399730195
38.488614678829364,113.80958710537314,1.7195835582492733
17.44550624742612,63.083886161304854,1.9015923927519625
32.269328358081765,104.30949526910342,1.7979059051841844
18.96595489926963,58.73401127532156,1.759776340123728
35.89819697362775,117.38670674446388,1.8083110713978183
17.41643512783561,49.17357631611736,1.6802978212272095
33.303406840861584,98.86277110697378,1.7229475558884908
18.39125891004262,49.114953401046826,1.6341846957195136
21.55768449120005,63.3179728488779,1.7138091034723442
18.84499637691362,65.66193063513205,1.8666323786980958
38.28787284492565,114.10506189094784,1.7263221224136942
37.697985046644106,141.72623268296294,1.9389475113741224
28.76287962242844,76.96422408495434,1.6357927004045685
29.006938462585286,88.53547237640956,1.7470595462144318
35.448143699995285,97.5382544230379,1.6587874492481318
32.91824644305411,102.43159668188105,1.7640001799449871
30.556108800074878,105.1597301176907,1.855135804875873
21.433219677745782,60.019059798158395,1.6734043219872459
20.251718472348266,69.13383129777101,1.8476273059985633
38.37394607756809,115.63417629107569,1.7359006871238045
31.35021486543645,89.56173262574715,1.69021122841373
24.892075195696734,68.45291053762799,1.6583088067667702
32.12554664883041,94.79297683657532,1.7177613142377273
38.52929122717416,124.3295841236365,1.7963531940043074
33.13582801444491,89.9751632485169,1.6478300101671848
28.941337951632025,80.82167785654796,1.6711084251584536
39.931134510897394,127.39366408711979,1.7861506656230361
39.9948239045221,136.11104170292657,1.8447808614852075
19.322284522502557,78.30583718681933,2.013111510812088
37.781809279483085,139.09748342515277,1.9187494161416034
27.49248577838447,95.96872818957523,1.8683484031382191
17.34602502066726,60.67375054323033,1.8702533295530381
39.448822165538225,109.18152377218081,1.6636331097437795
18.966703137081595,55.18202932757498,1.7057010250899698
20.55297734092546,76.324889577784,1.9270621465597928
26.96026941036557,64.98921621996718,1.5525962604778596
24.46435881228267,70.82817722180704,1.7015162995434123
22.636354086966968,90.84189911087134,2.003271733346711
26.242057842945144,73.10177266929715,1.6690333320408859
33.94429454081439,111.70119094080393,1.8140343570062978
30.27906439100947,91.55071804206872,1.7388401184745146
35.25095983322185,112.70491372174075,1.7880759097292052
29.140229976888918,107.1585985717487,1.917639757568804
19.75536651563434,63.932814138576106,1.7989511273983696
20.211082222389596,65.85471145320105,1.8050890893146965
29.332045264584373,85.30985629728106,1.7054085341664555
22.443095114092912,77.59482796603207,1.8594093578144955
18.42771500816383,59.17851240604738,1.7920341370121307
31.11798241505058,81.52501412982404,1.6186007073673006
25.98614815146287,87.42219950778632,1.8341713669137318
37.043198434860955,117.67949467494117,1.7823630011808889
20.57135464958216,73.06060161037851,1.8845608997906123
39.41448813639892,148.773661389539,1.9428312492685311
32.20857687187925,106.89731918350078,1.821787168834065
22.998706627988575,76.68844965106435,1.826052553633898
17.17809774140075,48.166039226144214,1.6744914438319136
27.36377978035308,91.98709480355456,1.8334767542987631
18.842161409373922,55.28463971296032,1.7129192179624315
25.669428270486268,86.33858922303463,1.8339790743531106
27.50304273216272,76.34950389251809,1.6661447841820198
18.099076491886468,58.77864352530516,1.8021111424827536
18.153226850015734,49.503977339210465,1.6513652035878201
37.03497523494005,111.80517105775985,1.7375004106745862
33.41310144575149,100.62424416408567,1.7353733389240942
31.433853594404916,95.11602157025322,1.7395143881809922
39.38767700724971,122.2794545181711,1.7619620997801464
26.64498187364003,72.34305202575281,1.6477476423113913
18.40447931730882,53.19796667525157,1.700144163525613
18.505016292580308,55.23852452353882,1.7277316890872931
21.211816451261786,61.08823501034287,1.6970313234594137
22.839383049105816,71.00122313162967,1.7631559660259584
37.74731180277632,123.13034572776117,1.8060906120033806
18.96544480893185,58.24194083002815,1.7524127444121793
30.75115417468909,91.54529411810341,1.7253901000971066
39.07640703526737,131.85386825276024,1.836915273954912
28.380397901340377,82.5388396292731,1.7053751859050406
39.86194010505257,133.28378865839974,1.8285609819732556
24.786941787140275,80.7905852905869,1.805381150490234
36.58410336483518,124.92980963493773,1.8479355969058011
34.08542731211039,115.42661851787744,1.8402152060144028
18.44892812879732,52.054299609204776,1.6797425911249653
19.320109351103866,62.55970508458636,1.799461487753898
29.879712853257274,93.66488898193057,1.7705174096643361
20.04742791028415,69.35879536816462,1.8600363887508895
30.53305316715909,98.22659785491162,1.7936158543394052
27.6826764939391,87.72300635051079,1.7801340802174297
22.03582337844783,69.39065678060084,1.7745402632206861
28.964465399489423,88.7498257097113,1.7504551826025059
26.35761081968178,78.13229262159699,1.7217189652429423
24.996588390523378,101.08663584217933,2.0109742161441733
31.60241861161554,88.0083168164105,1.6687900312484762
35.45353696756711,111.70261797895839,1.7750144451160588
23.71693595762522,73.40037625450229,1.7592187803233235
16.24074458307663,46.59045442304062,1.693735167689319
18.840650251099945,67.38295256291696,1.8911547792926269
32.36141607064672,92.97492913363696,1.6949979192155709
22.75365344288813,70.65737394505867,1.7621918025101921
27.668991661229096,100.23710538166648,1.9033453355501355
18.375752563587156,65.48719695317138,1.8877984871670015
32.44862208986439,100.87550032146336,1.7631721652465284
35.7730745882258,120.6290361420944,1.8363175921138681
29.656364361509745,112.40549081494284,1.9468603876936952
16.408086777640396,53.09760969448338,1.7989061779693807
31.44774627234966,91.64819879668191,1.7071323944907457
27.322557346329322,96.81992833012136,1.8824424391638803
29.088068790070984,76.2386628605325,1.618937903116897
23.59672167852002,57.36902753049439,1.5592397903215924
30.44261005702981,96.38213932289743,1.7793334307104238
20.26624871238606,68.05929561710627,1.8325550973913005
26.76436368680302,75.16740494432416,1.6758545282545694
18.32717751470413,51.07363092975737,1.6693621936306413
23.676813902432688,68.31121111596403,1.6985735705307052
17.968001327821778,56.95375814726784,1.7803742643223133
19.70980502143197,59.41784962173464,1.7362701588385505
21.744005215989937,64.01221150881928,1.7157801692242276
36.33782770256647,102.43157077699294,1.6789487351365546
23.979071337137594,70.97571895083578,1.7204367875313
18.18262007118414,54.3103096503367,1.7282752371158263
20.840377964600965,83.5493523953018,2.002252056558759
37.805765022974796,121.48287364666157,1.792579860691717
24.97534708779908,91.81830661382007,1.917383003309386
32.92097115757277,95.75780345511411,1.7054962490169843
22.41920405437323,60.57157921421485,1.643706806013023
39.794520323525866,134.18474519800782,1.8362843624537022
38.39976826424734,108.46100209946258,1.680631520706527
27.32765554844824,74.9793750280459,1.6564171583481058
31.694862054480758,102.05000946198531,1.7943703801560946
21.51513204696742,71.33144256732153,1.8208262072615258
28.67060825892603,91.43066445392651,1.785778066726
31.043823395749634,104.70893523488452,1.8365563987235891
37.78483275429946,144.5318334839454,1.9557935245600053
27.200186553251122,71.00049611624384,1.6156405708923915
26.64431723532517,76.64911332894445,1.696099279789454
23.66967025409666,67.03246784231911,1.6828542364582082
24.151582256590192,82.83462825664104,1.8519666840713882
29.300051584493648,110.49844269686245,1.9419761245139906
17.932472870331424,49.00548145711512,1.6531118494896426
22.308926703827876,57.356703589598396,1.6034401477135145
27.394468266638352,71.08050075897789,1.6108080889292746
28.97939442667844,103.88281444851715,1.8933338550790255
19.037087609970392,59.276768279885786,1.764582650265995
27.743854478234606,73.4910971034051,1.6275486022809407
16.567486239775498,59.85427008259703,1.9007248828864216
21.045621047305666,66.07891500395003,1.7719463916520986
39.93435115578184,137.75218078824923,1.8572737697688593
33.918515926997,110.8183051695042,1.8075375619237959
35.001007739853456,114.60765605923932,1.809533138729468
34.237526041578946,96.76711356109897,1.6811741577319388
20.558829906225636,65.83319814308922,1.7894652946918577
22.333711487884273,60.33474884398692,1.6436271400852318
16.54318765523069,54.42269397833339,1.81376250595369
29.701154550169452,88.48658968301208,1.7260447966744643
24.91597087495023,64.16677477832543,1.6047825679567962
32.305404856888245,102.17416660933263,1.7784143662560286
24.179273967139686,69.92939918280864,1.7006238693489617
35.77140280315209,103.42604471001333,1.7003838536023894
20.80085639028725,66.14408997073535,1.7832199532948296
33.700264285715235,115.03827525544924,1.847585424816078
19.827839094272363,59.95596935713271,1.7389156718354268
28.46956029829434,85.67233437748621,1.7347221364165721
31.714782194499296,108.71333269791961,1.851443819215178
22.229419679919815,65.98080097191574,1.7228391377911692
16.103642599638516,50.89383106156758,1.7777492752158761
36.729327692829784,108.6475442837352,1.719901074536979
27.15634831265877,102.74242026297057,1.9450878042086597
16.480757286275335,39.777097406450956,1.5535597562521712
33.606756142460895,105.99925982179997,1.7759801974527811
18.31350844192734,62.38617450218935,1.8456884791188217
29.529093398100535,91.64400029347583,1.7616797500412544
31.71407154313503,100.89053318628383,1.7836071629894852
34.659320486406166,92.20638893264727,1.631062057625974
26.29328024284929,96.6875184720783,1.9176211978847069
37.50336428712365,93.67780871716191,1.580459049178291
20.091905663141542,66.46875079906049,1.8188554813874334
31.48889862260759,105.25409114950409,1.8282717866647669
23.93802712247938,78.64551516183914,1.8125617186410166
28.218778015196804,95.09513405873442,1.8357352439014751
21.466647332163532,73.83351161205849,1.8545760692215536
21.233806622268492,63.74187595427263,1.7326007237022463
27.927137605945042,85.2213919612759,1.74687206247539
33.36841707574636,115.8354458276564,1.8631719388037673
35.67603994235069,92.58832234376452,1.610978657067328
39.28224217831438,123.0634241186923,1.7699718649711231
21.934325337188493,59.76794253114357,1.6507146761240121
18.80403648609057,56.98581332053626,1.7408358946977258
34.74122254637865,83.29424875225101,1.5484064051595288
37.95192333972723,121.05013192232946,1.7859353701565024
31.80822267707807,88.75959166394902,1.6704671757165679
36.6404115105908,133.22098471119233,1.9068044132463786
28.52606282599036,96.99124448937874,1.8439338999199428
30.9323723859193,92.79922968681566,1.732070522550056
30.30120919177808,90.217237929506,1.7254992843709527
17.380713487146604,51.534063561539575,1.7219216802283472
33.8501171250336,108.51536289216001,1.7904637213004737
23.682916286449668,66.26674142816022,1.6727468384738247
23.694038514770963,68.48818360294774,1.7001540686976482
24.197955784860685,76.37816617124699,1.7766229748094655
31.3505420471856,96.47132739510769,1.7541898752902996
38.94308865611471,135.1110306561579,1.862645496766896
38.647054403291925,107.27143360035342,1.6660339345895507
27.32588175623488,73.37675067140336,1.6386724251752707
20.891057291747604,59.62368110170105,1.689387135122431
19.819579541049826,56.84391864551629,1.6935373769601572
31.837260655885114,90.148102243548,1.6827145413938487
24.07660503926989,83.95079898634083,1.8673029901472016
30.009783334683643,113.0511965501371,1.940913370148475
28.67433110273395,84.5292656855685,1.7169470435111014
25.554622908105657,76.86253440962955,1.7342935617593118
20.839832334476338,55.51378443523192,1.6321245863723877
34.48083652145816,107.26907656399825,1.7637960848476197
16.502730535005163,53.662997623842024,1.803265028107592
25.485155276030632,64.37367596606154,1.5893169413926147
37.944615910050445,113.28636884240608,1.7278806763916794
21.751754702186666,61.1216111609693,1.6762942231242968
36.523311712892706,114.98928434392201,1.7743676488921793
23.72297119418986,87.64710904805169,1.9221366392558679
19.579652455585094,58.31291697820785,1.7257579946900663
22.510405675731214,51.35950296420314,1.51049309807187
30.521517342543046,92.59800546846161,1.7417978733804405
34.065493216027846,117.17593008499269,1.8546495739225497
39.767405092414734,128.51179043237076,1.797661264563892
39.772453001071284,113.36415706284164,1.6882886192445847
32.93706665332234,97.79384989731142,1.723111228328598
39.7770928012712,132.28765855708355,1.8236569477665387
16.846158153544085,51.31837068453577,1.7453639155777505
39.527464833245624,126.8399417755363,1.7913421154179534
37.25356711083103,108.21717895691361,1.7043711424630654
22.791337621648843,59.959633934626524,1.6219765799290702
18.283292737284498,52.96796013012009,1.7020778401445236
19.828044590241557,57.979461412780026,1.7100040734159458
27.711224178249722,89.26919153519746,1.7948284499594924
36.52155902345012,111.19672024534196,1.7449031826530246
31.975597992832228,92.77482886267332,1.7033572500249279
16.8476195909737,45.007386876819226,1.6344537103890204
32.2268345367072,92.79555463808349,1.6968941846060979
16.797001944718847,56.582052053554456,1.8353692901388785
30.814221824958626,88.8692250531667,1.6982440209464442
30.88293061542558,98.45014797667824,1.78545510241787
39.20570366933987,115.63394699823358,1.7173865148475647
34.818079382316306,105.57229902090707,1.7412959264253143
31.48540282104361,94.55393560107262,1.7329465909752224
29.828572209025896,91.976657236417,1.7559921819721418
26.459690014388435,77.0007055133298,1.7059055267405072
27.841683958560978,88.70311864335434,1.7849320793929435
27.32715168646206,70.4658483643995,1.6058026072934157
16.688873902356683,48.30919004877745,1.7013801495437446
35.170732901495434,106.36659229815282,1.7390493792634498
25.506339226191642,61.44351958709571,1.552079549991155
32.70877671431428,87.02735766776385,1.6311569382580438
35.9240649904814,123.8071734560162,1.8564367949498737
36.218795559852424,111.39000212985364,1.7537032392135226
36.87229256149149,110.44662879382365,1.7307174067197966
34.433025507242405,102.47603283166067,1.7251368812398409
17.995626389730052,51.90329652636004,1.698298347180679
17.492752721998325,49.47479799465055,1.6817558084991566
20.968911527811226,62.84008442802694,1.7311330040122144
25.09765229838718,74.23627321733338,1.7198538050204877
16.38934625595543,57.35122579007038,1.8706413799620025
35.06508357539656,114.83537267610183,1.8096742336612968
23.45690076872397,72.39046481952141,1.7567314134169174
32.739257216815304,95.87621228333595,1.7112797969091875
39.801494032167675,130.8556272914496,1.8132033575655808
35.48781323022785,89.29948227416075,1.5862982718417507
21.963944170321945,70.41055136805765,1.7904562235860326
23.929863465691227,77.49103962084834,1.7995156723388086
32.011968513823945,112.29755070923017,1.8729619367237476
18.10904154156782,55.61294891975742,1.7524281860348314
37.502299102304704,113.16563100000917,1.737114030484715
35.40279050509834,102.32636248015324,1.700102165018136
34.7920449957518,109.2374482331531,1.7719268747209276
28.41849964444016,88.81493944909401,1.7678378954671456
30.541550333135408,91.24760354337624,1.72848332549971
28.160493085634876,73.3268279047693,1.6136573538206154
20.5646476852726,60.42156906752181,1.7140968735941213
30.17238526984528,81.07708083274352,1.6392463658205247
34.46155291556851,109.90143239869764,1.7858059042212384
21.180597066538493,67.04457404896498,1.7791506300785396
33.176068610443295,96.69911092821953,1.7072565213305055
19.09917447574362,61.08451424149688,1.7883736579047944
26.722003150345294,75.88535796800099,1.6851729842180787
31.26428340722783,103.83062965471159,1.822378169939154
27.42743113379224,84.30379674081111,1.7531981367449487
17.490335950506875,50.584102947256476,1.7006226172762573
24.94175725325948,76.61900992841838,1.7526885269949042
19.56988966168675,63.32023952174965,1.7987760065415717
26.45306806919483,80.42672543726266,1.7436614607951422
24.50286698177249,87.29918624965731,1.8875420981762838
26.295574047621972,83.93298588786526,1.7865904515081037
24.979850360017615,68.64260234671508,1.6576847941968418
38.33289815407273,101.21717949308683,1.6249548106712812
35.32395074577692,115.72784572625461,1.81002385706933
24.296861475950195,76.88354082392418,1.7788593027640172
24.904319908912633,96.59047064675238,1.9693812458864568
22.08563238936024,79.26200554256226,1.8944258401599212
20.431159886817234,62.95724350401997,1.75540099897424
37.23009788116808,79.78528629376571,1.4639097889900572
20.699982403355627,58.697317601950495,1.6839304078041135
38.58422950927293,141.01200639791563,1.911714921215939
27.473127142659756,89.31989009706133,1.8031009491848837
24.487646009764894,73.8422037245553,1.7365160644865087
34.43368799327918,90.8524258114954,1.6243383347246119
23.003211019559537,92.32817103016342,2.003424057386208
16.267310612893912,57.45238332145571,1.8793001354511076
33.83538205067986,91.25664025040267,1.6422780768842093
22.16136573169784,63.472578898130344,1.6923680258385074
34.27666713158001,101.51198132253934,1.7209147571145933
20.92523415548114,57.091575443323904,1.6517748548826847
29.916489382876737,96.33380275061988,1.7944610564554775
20.76706921949706,62.046860662342176,1.7285116107457612
23.415736876553957,62.11831114404973,1.6287555374229672
39.33358151359316,107.34719960227125,1.6520135809250767
38.47043425119839,93.83716085375593,1.5617944864377449
25.994795145284627,77.4898587583215,1.7265502989506627
25.03267987113165,73.8235988305708,1.7172911574305552
38.79501092310689,144.81271870708474,1.9320368889776884
18.63170498757786,53.82362471927784,1.6996526328609094
39.4756172767682,111.06928809107931,1.6773841279241573
31.835736350534713,113.77404713497354,1.8904454662460652
27.81701491617754,90.92717324709014,1.807971512803425
33.16714433127747,103.91414465450713,1.7700408658083384
35.417396887776796,107.68740711874327,1.7437095294914005
18.856077134180506,54.2105980318031,1.6955727414636288
24.699658050645507,51.929505562087435,1.4499787027541908
36.29156609442602,105.30685446564978,1.703434604013577
27.653323215413366,86.08917538119975,1.7644144630148062
26.50625018344951,85.67939059072273,1.7978938134657532
38.17270455323004,112.7534008775729,1.7186536292448797
26.070641011818587,101.23878733675322,1.9705960705719723
16.27351343944004,57.70398907907604,1.8830517481847733
26.703349245492312,87.73131265561123,1.8125685731911099
18.8983908863213,55.224679134882706,1.709441278658851
35.94284675274713,100.64192143894816,1.6733362685301658
17.10912494372213,43.19092793684198,1.5888480615253169
27.563954245139733,106.61310562282976,1.9666837848015821
30.521695790477402,88.95013255055616,1.7071393383068452
21.69581113060052,80.18637275141229,1.9224822490295757
35.55298603105511,101.43382036683886,1.689092176409942
23.02456436793844,65.11727770211377,1.6817150356385888
28.654006604148915,109.50963741908333,1.9549402673717517
21.86184242655539,62.42065199649982,1.6897434453885032
21.037736323661193,55.22543730927772,1.6202054100412981
39.94685833488876,120.5163145977486,1.7369271612213892
23.26580980078171,71.96308065748751,1.7587162917607853
25.50191576216088,87.10265511654264,1.8481162828000208
36.470075664200046,128.9715329913504,1.8805227806577713
31.11541446878285,94.29904554519754,1.740868044222277
22.621563289468785,64.18219280695114,1.6844028531754691
34.06514234094741,113.23324757854647,1.8231897796656533
21.16321984502303,64.65061502448168,1.747814985602497
20.99481000533692,81.78587112458979,1.9737092092270463
36.462372993754,127.62172916030879,1.8708537880622935
32.17954368612549,87.5282159631355,1.649240904306146
22.22498207407063,74.8702852467292,1.8354139752381853
28.5777415390393,89.63514860949643,1.7710271514907223
22.655570399092124,57.91054415049406,1.5987896290515209
24.493170849106097,64.81030363605502,1.6266702430688247
30.67048638474223,105.16992114077213,1.851763171761432
20.57455917437524,65.8595070344453,1.789138529229595
32.59095085016773,107.50339774737903,1.8161954349114482
39.379900019393446,126.03354435611928,1.7889811737142167
39.084521365602996,107.41028806269364,1.6577557452414045
20.995899769186604,72.24538561986473,1.8549739341011864
16.95107964297698,52.48836198958756,1.759676473966846
39.803083927288284,126.56165160996737,1.7831698221559436
27.22166580722059,91.96810637752442,1.8380667261286674
36.758642615010025,127.74927604871105,1.8642299930127328
35.24632423946764,129.60589135349193,1.9175886724412565
33.072327399830684,93.02695444224253,1.6771504468055636
34.02688004950776,122.70849230181929,1.8990055978986324
19.020647827665854,51.60119393197313,1.6470895919636985
18.15778059979336,52.071345920498175,1.6934330035383918
36.47546539647992,116.87977447784,1.7900668976323482
35.49280568773934,110.35472072581793,1.7632962840575397
24.175253101488238,75.29721204542334,1.764834290059741
38.70617635948279,99.66275791151152,1.6046352003724116
30.195191687956793,90.18108461976497,1.7281794304572569
29.346530692823205,101.37467395350991,1.8586017928929106
37.28656847252741,106.6097819766139,1.6909171124598241
36.494031378731634,118.1099789467679,1.7990050210963315
25.879293303804577,86.46797315290485,1.8278957924740245
37.726776412429615,151.42288550500678,2.0034149478141625
36.721847694948025,110.76795914404387,1.7367800207952087
26.730438017078768,87.66439714615532,1.810958873170206
20.289725229407527,63.84152145535618,1.77383627252329
23.769236119283878,68.07157038682335,1.692291887121215
37.69942286952987,112.63884370717435,1.7285292813646613
16.550164604772156,58.81446674729435,1.88512834297235
37.42353426763506,115.4102978011525,1.7561025800569792
29.754326035729278,101.8803948875993,1.8504197326364114
32.447568040536055,88.82439821830478,1.6545315803150493
20.146913986795173,67.20026362493834,1.8263382809606736
30.181215168230715,100.2895770154393,1.8228861239653318
34.19946806671121,100.7427810515758,1.7163161623895657
26.11865094171604,86.57144619114472,1.8205892145872933
35.08386772447115,118.59329671787779,1.8385537819976305
24.8676498631634,77.72622100119487,1.7679354516257015
31.303001599169637,94.87042717240291,1.7408944323126023
27.80601959848506,92.27404670183304,1.821672789580735
30.8674720360043,112.52702526389523,1.909316331616553
30.64300532763796,90.2796816884074,1.7164427841018082
24.402119467316684,73.82472531913224,1.7393506562110197
29.239944463315968,80.36291283393302,1.657828354184498
35.252681603568355,98.40043837007738,1.6707152520909467
25.193959984547497,84.36435557516043,1.8299165253060488
34.87340428381067,128.9765128589377,1.923127787517543
25.33587968397521,75.43000589427,1.725456746128969
25.373973169603353,86.14980104508967,1.8426077830336092
21.731477096106886,71.42573510707768,1.8129370986968434
17.628859163477532,53.03722120437776,1.734515866171701
24.554512859592673,77.28785512290622,1.7741484912389898
22.396131060335186,58.466441318802985,1.6157227128159397
35.09350765816235,99.31917881491358,1.6822989373643293
34.21798971610022,107.33339317320267,1.771088176678669
19.371127732259758,58.88926085664954,1.7435748632009913
36.255879808307,110.74526511895733,1.7477260494868414
18.498205129579517,56.98410759108957,1.7551412775497377
21.75979674236677,74.90016330268156,1.8552992334229386
24.498562221796583,63.47513763377023,1.6096502710495968
22.012379058439706,58.71840880441477,1.6332536885840634
35.71316449186038,98.33153351259804,1.659327989958141
19.40926794472076,62.447557129474454,1.7937137992887546
38.61658923796645,121.51737115177524,1.7739126327221335
23.44424799449021,68.15951379067717,1.7050812886218385
27.44658178847281,95.88889675101248,1.869132239793007
30.161992120154306,99.95073294740669,1.8203838777459136
23.572244177818675,66.38749691308094,1.6781959996899063
21.543343948269218,62.96881717206755,1.7096460614807985
18.08664557853005,65.51520995127497,1.9032334167309255
35.51223458368798,82.70385171561202,1.5260679363665106
36.287718709293245,119.58050109716436,1.8153081242430316
25.513207315151377,91.72692411543268,1.8961202930203018
35.64552484302546,113.69342680841144,1.78593303860951
19.654493566676784,55.90590062882174,1.6865448513836854
17.039545054939794,52.781552820296,1.7599976334798686
37.07726534884546,108.13339738066904,1.7077570091891765
39.651191628536665,115.60101199185013,1.707468483440876
31.14803774371522,90.72517458044085,1.7066660924964214
39.153072443890935,130.80129032184468,1.8277765037635114
28.19938944611298,72.2726297798151,1.6009105850497711
19.82198275064941,65.29687616730044,1.8149833926079226
18.16160776301351,58.765212296832324,1.798800537778578
37.04152650773145,111.03444356181164,1.731348209923718
25.00165639988399,92.86707075008728,1.9272874010642496
34.459294352816954,99.10100640194102,1.695843778761495
20.282245882721575,66.47817662264082,1.8104291256997502
23.972711630951792,61.0094494518653,1.595291210315996
34.38180915464375,92.37985180488116,1.6391710225246292
38.954990782244366,129.82884393302822,1.8255933369892636
30.827877284651702,93.14468431261346,1.7382299426889571
17.63447757140049,51.758366886360875,1.7132036198272869
30.691146211976903,74.89928966353696,1.5621843954944736
39.30960580461871,126.42092269342666,1.793329668770691
30.471874906345526,112.40194085528735,1.9206017345858344
38.059672391051244,143.9308803698258,1.9446635233292777
27.539760668626286,87.48306716399559,1.782304565787254
18.36334217598758,40.95299543041859,1.4933684541352972
35.03418514451818,114.97263050993415,1.8115537466807115
37.51030029991317,127.95734630029798,1.8469593701388785
21.25573926725356,65.36007775459066,1.7535500779756998
24.12899727197773,71.70037418942313,1.723816660969429
27.386578182775494,74.67400226684376,1.651261396357527
20.39162008412751,60.29330457675024,1.7195257276174931
22.43565054468786,77.66467828452105,1.8605546898295904
21.739300889254576,62.949399081066346,1.7016608514075742
24.127860377686552,80.88273080387349,1.8309163264302641
28.031476903476875,75.43465917150877,1.6404480292760113
35.49042238132032,120.1960291907309,1.8403036023107968
35.797808075347376,108.98329185832056,1.7448244695774564
27.161486932766266,86.37313212301703,1.7832513587923142
37.77331453024661,102.97157583544139,1.6510724548988711
16.422698872630193,51.696147229678,1.7742173583095622
33.06022671755852,112.81226632538075,1.8472481838475867
20.791918401384095,65.10816910795087,1.769581055973887
30.971640169730872,81.91120185541834,1.6262583768947936
16.06118826716961,43.10473620436164,1.6382254157118914
18.355458548616863,55.66748556774843,1.7414787659637345
23.97420803670404,78.02492015480891,1.8040332247572013
19.669196836070316,58.994727351223744,1.7318620110464171
21.217953591196725,64.62042949585734,1.7451516512364538
16.488647926385767,55.26462587290828,1.8307586498266453
16.480408409951327,53.4198422608096,1.8003929997534025
21.043848904737587,61.79338118892312,1.713595812762158
34.73259217728627,98.5131807563165,1.6841414791302307
34.007865271163595,100.47980970123673,1.7188964562757985
39.576628276156086,112.0569056403397,1.6826737391110134
19.606936762201865,68.27998060240705,1.8661296811732782
19.935166973194303,66.50288776533938,1.8264606216102488
24.72520848568014,71.05825081813549,1.6952637484565014
30.57526368508121,112.37188567945353,1.9170954161583196
37.88467614241701,150.61788385749065,1.9939142688573048
26.99091076044615,77.0653701431619,1.6897438119467576
32.21479236152733,75.98739785779834,1.5358298991496997
34.64229759225665,100.44876266380854,1.7028208203432995
28.069977382657992,89.30938949274838,1.7837234790517564
27.56569276353825,80.64396209085614,1.710414906103105
25.19472844749665,97.72504015829685,1.9694641866520028
30.05423997362232,94.33778350702559,1.7716990780786024
21.493404916672077,69.66787211329464,1.8003778564047337
39.335699207614866,125.57903263132337,1.7867555075573187
31.42630530644782,81.07629547542255,1.6062024562335988
19.77736039312008,77.65766680091244,1.9815635514613383
28.436050734899133,88.64136953555236,1.7655645023077915
18.775595714334393,64.72177636860009,1.8566427738781306
39.2349298979292,106.85913295967781,1.6503246347979694
39.69089451857766,101.43171825935005,1.5986060339265378
36.41307127561708,123.96252106846853,1.8450857062311454
38.360252466001654,119.76104322767992,1.7669206925465444
39.276672851729664,124.36501737653835,1.7794335382425912
35.98417297011952,96.10983293546282,1.6342863309915838
18.59729206531891,46.60785511946527,1.5830867093710492
30.117154351384528,103.09587257119173,1.8501786791872654
26.407480757254646,86.42191486911227,1.8090411942118252
18.710838793938837,56.59001291180112,1.7390948458866256
33.21106749418117,86.66531476416696,1.6154043265875448
19.32291840305266,65.42850125039668,1.8401241543144842
30.738845482068186,92.7588960357139,1.737136756448235
22.782959222320542,66.98396233679165,1.7146692147573337
26.78161631763865,81.60851728300527,1.745618563642774
36.090835164275305,92.45441897498456,1.6005357194237995
37.2253193757929,128.14117686062735,1.8553469639030993
27.71579172233647,92.87771124255713,1.8305943087002645
36.03181069707034,99.55697497062151,1.6622364541263808
35.83147385552635,100.74231026708222,1.6767704697856267
29.966502259798954,79.31494990513141,1.6268949084054278
35.6848085228646,104.15390324648028,1.70842567535045
24.465954638410853,81.45989762537884,1.8246973733417349
17.974288651998613,51.832645739854,1.6981491530034418
27.817012843559528,86.95590614060826,1.7680490003273532
20.220326756634265,66.61045133434095,1.815001981264466
20.24338411061553,68.95581268793082,1.8456267782724913
38.268011761455384,116.78282739532972,1.7469140727699555
36.353769968959334,116.81847892975934,1.792590316734899
37.88564313045853,105.74800198312272,1.6707010795304853
30.012633753175855,78.8503531171384,1.6208759075653194
39.409843191114064,124.45955385885713,1.7770995893241903
21.77173620635369,53.87646108283076,1.5730879295870537
35.34616248366512,114.42628160956369,1.799251021430205
22.248023855330317,66.88187210772723,1.7338378911775378
35.193419111280406,110.93383052511966,1.7754206789164697
34.88814805293958,122.4185717279556,1.8732023579128796
27.042262634108056,87.96314338300135,1.8035527836801628
30.221318085167923,103.24838869436691,1.848353100784165
35.090536599994785,100.59819081513176,1.6931681111180457
39.00054902585535,139.2956439209393,1.889876423867599
34.275797376849525,99.12198404059603,1.7005570641847672
27.829756997916167,82.28867180128036,1.7195520220271532
17.867926843153374,53.232253905487426,1.726037967710232
23.17173349928818,76.25966693613171,1.814129099144384
25.437440867484447,81.04567580987577,1.7849588790582884
23.399564370250616,79.84007254426947,1.8471687613161343
27.254643908723757,84.70456572149203,1.7629222293834375
26.071795351108115,68.84851127798355,1.6250315891372713
31.69188584263819,105.05142118614475,1.8206519248682327
38.04231872928791,95.19330405565005,1.581866068989247
27.663469956384688,88.3942227580407,1.7875517079502328
24.980441760372095,66.9622650833807,1.6372500439466924
39.96838039075277,123.88226899792828,1.760541636780691
38.42981514770351,109.21339146078842,1.6857912647070288
37.05591986452865,117.78556221848518,1.7828599550704929
27.68606094294274,84.68026143948296,1.7488820077728615
37.78348228971953,105.14831324948692,1.66820786419183
31.707875548803013,121.12048179663559,1.9544529606103742
35.51131044483891,101.25149321580307,1.688563389323259
33.16255170394317,91.77389329182863,1.6635490397525037
27.00191326684896,76.5962881551744,1.6842501441061426
32.148910680950024,86.09864870071775,1.6364963335456524
31.448235727068344,93.52433852786196,1.724503894682466
30.19231194871891,96.15021759264026,1.7845427271987182
27.693404451672507,77.26082735933643,1.670288546388461
23.582563064846312,75.65084871974283,1.7910652180214484
22.369499549494332,69.43261894781733,1.7617879666049576
23.14548827013376,76.32834033235497,1.8159744594978218
25.50981538783045,75.6241748653193,1.7217760668567685
18.207220449223293,53.06263382146625,1.7071535131592472
20.831191910656695,54.724328394854986,1.6208139287627725
38.23547846182778,123.94550103355871,1.8004543694755082
32.869827967946804,80.40243322420652,1.5639968731848373
36.26854450262593,77.42834234593394,1.4611167423864069
33.182113885235765,112.66812189878968,1.842673977501861
33.74059221845725,101.83251461966742,1.7372682537005872
26.254261161810184,89.11882524094419,1.8424038224675066
18.084262938960403,45.704368271181124,1.5897485911721654
37.21872238088124,97.13278565523774,1.6154822535204716
19.604671603421195,60.753653164754006,1.7603799473561454
22.828395040188514,69.68283791473102,1.7471300162611527
22.68129000949505,75.55816666861024,1.825184744107905
28.2910515003388,78.69499180522699,1.6678193284823548
29.30525630726089,73.98141471046337,1.5888706907763919
37.97350543138649,101.16964912928758,1.6322428579839385
22.429591690610657,72.53450157678346,1.7982978775170744
34.22519455931154,117.91491716264291,1.8561429163852194
31.59314751222471,97.80214897226132,1.759453328274659
33.54832725908441,90.46778250325991,1.6421451319563265
20.549498851166785,53.07658753635579,1.60712952217172
18.167609421790946,54.28721365593394,1.7286213934212789
21.559151522014368,68.00048930226207,1.7759886519573476
30.996342683084258,97.95822282548161,1.777727628008166
17.727873013061412,47.22589691641579,1.6321564714719188
27.98371921798018,72.37349845488075,1.6081889212397165
27.31748437535129,87.11132437616097,1.7857347770847516
38.43885391515496,104.2430840150584,1.6467907182600565
38.84544250643791,132.69020825399718,1.8482018529605193
23.594718035830603,68.20384134205597,1.7001882946595321
36.4468244599883,124.09234836587761,1.8451966359110459
20.699236245930372,70.87587394360854,1.8504274098238147
16.401524245551904,53.86598487297532,1.812237852136346
32.365062592221534,78.60919356981334,1.5584699935051343
29.371117749734154,85.79593595413473,1.7091222222954996
36.4464309629137,99.97667007661757,1.6562345144163213
27.17804014987042,109.59285223722358,2.008084791723021
31.31995404571399,93.49829757585633,1.7277913425581755
16.961924173835143,43.3633459512575,1.5989093198025588
31.32290607259766,85.68464405377648,1.6539427564445053
17.47271638677489,52.47978141730461,1.733068764535183
36.55109656776506,103.71650811602986,1.684510560439166
32.83955986473882,82.27013437372247,1.5827868718097273
32.24799037911002,93.01296012727536,1.6983234458047447
16.83642601172526,52.52494295559723,1.7662730465755059
20.641034151660005,55.86821680051734,1.645192339693
36.58150373710862,110.71051179997731,1.7396570937145457
19.254627825720668,58.54774571323985,1.743763266366994
19.12653373880546,69.87112132319083,1.9113081914059409
34.17701475936838,80.8008321855724,1.537591090612132
31.310098486290606,108.35607341868953,1.8603061103284049
20.673990494888987,60.2410401773991,1.7070021768996135
37.33914977402338,112.97730345110594,1.7394557693333625
22.05861948336955,78.33232618631105,1.884435804623906
22.29562093138285,72.29770641063311,1.8007460630842738
34.5755197267461,106.66025116741368,1.7563737695011326
27.894708112498915,88.46013382316467,1.7807907262595009
26.68229761159846,70.75146497917086,1.6283813001473326
39.191187361283134,89.77912808069556,1.5135385291340397
29.31547635666145,86.82145197225567,1.7209372873334503
29.403216652305982,89.56064379414597,1.7452642047151143
28.956588659407917,95.71653613825406,1.8181084630844078
16.96271372704556,56.53741029352165,1.8256616358745246
28.69287935631455,80.83215289195238,1.678436853834054
28.322360868616798,84.86579414483694,1.731018118963895
38.74932922328816,128.7787870285607,1.8230142800225217
29.848512470547774,106.96781805306354,1.893063675717697
38.59732823285586,111.16091778930156,1.6970609501198215
18.44086751481364,51.24645535924814,1.667021656198974
19.438611904462476,55.85412224686361,1.6950987010198282
35.86205940956534,107.55479765896582,1.7317981881990054
16.50379315208158,35.89257882681184,1.4747229724422275
24.4853888616169,72.21252767102523,1.7173261011203151
20.861184478986896,75.31428714792845,1.900068259251532
32.10869334274501,81.40891606308503,1.5922991744541237
23.74590029999263,71.40030200765506,1.7340263966977056
35.83178853333797,97.91353015021565,1.6530542679040514
38.10186076042946,130.528804831672,1.85088777922148
38.824604775472835,122.4963928160817,1.776266512941112
33.022406536517984,116.20934832843545,1.8759280317637046
30.80928039219124,75.92678886558743,1.5698448734999457
26.4242224626975,80.99579083829293,1.7507741134551207
22.713641994140133,54.46981571043788,1.5485832761734861
20.445169339934157,53.36401393885309,1.6155815633762438
29.805844651604104,113.36166862068742,1.9502145764027405
20.24281443205817,70.53892062674483,1.8667190434996608
23.2426072199825,69.80507017065008,1.7330099749807482
36.1340932193566,104.39952947393644,1.6997720760396222
29.832523232092242,90.70089954485248,1.7436559792634034
19.66888650667251,60.952326471731745,1.7603752589564552
30.897814535511856,95.24062582642419,1.7556875895805721
33.04949665351181,85.51142296730288,1.6085317659755918
23.170014763230412,64.60948367821631,1.6698789107750982
18.764616265090346,62.50742447363783,1.8251390559901937
35.694923520209514,107.02194503752354,1.7315426449114117
24.199685022375416,84.1339285276647,1.8645787373014722
30.490875735426172,88.87022147920796,1.7072345149355501
28.62300377827219,83.37159428599077,1.7066774460515375
30.054841026156804,100.90849943654851,1.8323425065520718
25.522300340552633,82.92809362900194,1.8025649966016128
16.552833031665102,44.36677928822838,1.6371662548319692
33.4114216312959,103.48403179923761,1.7599048693217076
18.96367542618642,62.59344209049457,1.8167834312502074
36.20102193962154,108.7392591161708,1.7331365034455084
28.460877573041643,74.30260289909494,1.6157637869119768
37.872452830076135,115.72446387211997,1.748038010767795
20.044377030595154,56.474541639694756,1.6785337417259278
22.569482930225742,70.86282940286101,1.7719376646089204
32.1138017352246,104.41017927444456,1.803123858232126
26.67496553781652,63.16573395808993,1.5388236060343867
30.719471551680044,89.94697711832119,1.711143437199692
25.15204110966272,66.8345764281139,1.6300990071656536
36.052600354082905,97.83779552323595,1.647346782940166
29.040100498613576,95.56985065831836,1.8141007220646164
22.67953329079297,59.81860601392899,1.6240563260068883
24.50886912171603,81.66173817680324,1.8253564026561881
39.84155706427568,141.3396094141225,1.8834920522294065
23.841652161131012,78.3164083084448,1.812417334334023
39.53687532275697,113.16899195702534,1.6918527130254861
23.538779562291808,74.95261078870985,1.7844377885681815
27.201648154091057,72.8083029614874,1.6360359585629312
32.658855662423,112.60962575986778,1.8568946967841544
31.92432829174113,94.47063532614428,1.7202340268813858
38.449623970788764,87.80800955795706,1.5111967742663774
18.15345353401805,55.45675621056416,1.7478236140535741
33.453881211625266,106.45635969918128,1.783867324114594
26.632162439368344,85.75205713282581,1.7943991633953715
20.746902029169863,66.14318679715086,1.7855249767812773
37.64485194126088,126.10629731651659,1.830271808871024
35.451519099264104,116.27249302664637,1.8110109134868364
23.523506874318503,86.48863324036145,1.9174695843227387
16.59557022923875,54.18985164799912,1.8070197168599174
36.95299329513787,138.9274795015552,1.9389618610232677
33.21764903101733,90.88064864368094,1.6540600140923445
33.22182752964843,108.10739565349918,1.8039144728943655
16.1605930782328,53.002583618226744,1.8110059303736588
32.45780061017487,97.09006027244044,1.7295289715437485
20.230820672256762,54.938179933064845,1.6478982156014044
16.043234857005885,50.64824651427431,1.7767905534534156
17.187159481515412,47.403582131889166,1.6607471932318276
31.151625689051713,85.55203086998515,1.6571995390256928
34.517401135830646,109.53408816591366,1.7813760283973645
31.352627878300783,100.13511139403806,1.7871303022521048
18.827295358030725,37.461343467644504,1.4105799493277666
19.785864179063097,69.7074335872191,1.8769903294112154
36.10904656620605,107.05056566158905,1.7218149429468697
27.384641565916144,76.75504931397066,1.6741715099406955
36.51673137678195,109.49545514808652,1.7316180262960383
22.588811551587135,66.60881420348923,1.7171931997693897
16.958502784695767,60.61967609750179,1.890658328908385
17.288308327292846,60.99123856893668,1.8782676420178772
22.792603640892796,70.65429773980392,1.7606471292476835
33.091836087765856,92.03970200214454,1.667735485768535
31.04164527380953,76.67201203698347,1.5716146346315418
28.129679258574747,88.52143546855649,1.7739518749344552
16.760379668286458,54.33535840523316,1.8005257711515068
25.188016446318525,86.31765850314576,1.8511978677187502
32.69837657065868,105.35629152666768,1.7950111149500454
37.5849705294656,105.69909232702611,1.6769824665330406
37.51497053291777,124.83307646649537,1.8241583353448663
35.97773807116184,114.3469273718751,1.782770018264351
37.229591111311876,114.03681848764028,1.75016265651386
16.633757970993738,58.75068227195568,1.879365578240732
33.49664226167688,102.46126778908447,1.7489573748108838
30.40000115088531,111.6874152771723,1.9167493302541387
28.942918607559108,78.34168081825784,1.6452249268390784
25.95185908518841,73.34838654433779,1.6811677307575552
21.6721031721002,62.982393432136476,1.704743528589862
36.68304377433719,102.34563512309502,1.6703288436560664
28.339137194838322,92.47760631282219,1.8064459765822871
33.86698201954146,104.35405083906727,1.7553608480974916
23.510393595163166,75.28695878948186,1.7894926839072733
27.622266281781993,84.25547487141158,1.7465033038684048
38.45858027345277,104.34235389784453,1.647152049589202
33.04833112601582,107.54061849697347,1.8038960112478988
31.092893411877533,87.77973933689232,1.6802216423228296
31.754909259401423,83.92083996973592,1.6256590759276033
26.52481205162093,83.11741902828214,1.7701899340377978
31.571074728944982,96.19880308186364,1.7455815828871366
36.91238014195798,134.61823310351602,1.9097033860270696
39.417604621265916,124.6106432741724,1.7780028570248119
36.80930048834246,118.50626831504232,1.7942868702319628
23.91575494073806,85.90255065433831,1.8952258979169487
39.466234431243215,142.00904083612878,1.896903122416415
38.65933728842673,123.13955036404363,1.7847261181250318
17.230094010301954,49.20911474226673,1.6899698343907836
34.388651564766725,114.8244730733863,1.8272991709653676
31.08098230307735,89.72836396065226,1.6990943924506279
30.545764098175216,90.64284675009064,1.7226270858732977
36.31573872680682,109.63259041956084,1.737490331008651
32.46635901673531,99.42777885010386,1.7499960782337616
27.84165974069498,84.67903999908602,1.7439755908057137
16.69389559752493,52.251389868016474,1.769172079851478
33.071052671712685,111.55930863164342,1.8366605490709524
23.90854275019994,76.52719911688733,1.789086572056206
17.76955076731351,50.449716572091916,1.6849659968162736
33.02173136003486,85.38390042814297,1.6080075183318412
25.183692977616566,59.104977735365495,1.531977267492314
19.154576325648613,59.325100049131024,1.7598796297809625
21.72133102440772,66.20795376044383,1.745869852852749
30.753748998512606,105.70211568080595,1.8539277592020682
29.060720297850054,82.4580139628227,1.6844698729827596
21.195490110437415,59.57496630563179,1.6765255292234549
33.400776829030214,102.19326224608649,1.7491733330148966
35.349009825430855,104.56684757232914,1.7199205323086295
35.53419068035184,94.23939249654036,1.6285197304822168
26.184370484321583,78.24452745641686,1.7286454102962068
31.38159294078553,106.0213872781672,1.8380581586590063
29.714913648562344,105.60037644852827,1.885148196507448
38.58091584861573,109.65321157227777,1.68587127749618
37.040204650367144,108.07119198869191,1.708119623477176
24.957567357973964,82.89533126263643,1.8224847784722047
31.890977069886866,80.3499232602751,1.5872992846163663
35.826726720873005,99.30806101196636,1.6649020408908366
16.054236942401175,44.537543107377836,1.6655907246119033
25.036792159815448,66.05762902006187,1.6243220834266712
24.809329421458145,74.28343387712437,1.7303679914848062
22.210029517281555,67.82478890423393,1.7475099511803371
28.512693003684767,78.1498575346114,1.6555601960710384
27.506734021253877,92.02447115050282,1.8290776842478327
20.769756509342717,65.47906467321455,1.7755607291839846
29.580151668223838,95.88614525822243,1.8004361804832034
39.5117942214965,81.75756357860635,1.4384692905776508
25.2653493371903,72.94999111834917,1.6992213960511446
20.51462045211335,63.115653656284934,1.7540291193723836
18.12554804885432,50.66861358862465,1.6719525081368043
38.43237014743407,133.51865937008233,1.8638990941850975
19.207107063130696,51.68229617159167,1.6403628370777703
34.82288824846204,103.99554110702337,1.7281242516528619
24.386545548463026,83.05925651951453,1.8455205145017055
20.831536128942076,66.64894877641245,1.7886938089863889
20.726393818316318,64.80349947544977,1.7682243079811109
20.519322406726232,59.141826550430686,1.6977191950099468
38.717391119273856,107.6772821768183,1.667665712817836
34.960996045796904,141.03454203695605,2.008495428993466
21.419517553204052,71.3810641254791,1.825520299713936
30.762067265058732,96.40534399267422,1.7702833942522629
30.305354320955743,106.15695368026843,1.871606482180435
24.48337507240256,68.42057219042336,1.671697557838522
28.366290761145965,81.77957966974263,1.6979353959089858
21.419812996145584,54.3856891356981,1.5934354705336629
36.073328160950346,105.43482478427784,1.7096174185631794
36.026614538392465,118.81248276073079,1.8160144887841043
29.973348144688025,83.51518899419547,1.6692258630669436
29.67952856261114,92.14805500563307,1.7620352296668271
36.97732127984524,134.7126194995274,1.9086944786616935
35.69694565288083,91.33594713229813,1.5995776940394448
38.60072466348644,129.89373793402376,1.834409869658951
19.90825704110301,46.94354669829372,1.5355760486978316
27.871039700672974,79.3294348103425,1.687099105265134
20.25436102358626,63.68083175820331,1.7731484233690504
37.77590161827996,128.2086897435728,1.8422616500347735
20.967358372770583,59.56581428982679,1.6854919493436622
21.09237889306936,62.39925635541339,1.719993972216502
29.308353580576572,92.66113969216664,1.7780874130054545
25.874291642069238,80.67791423532192,1.7658064402449645
26.215591745580497,71.98501534517362,1.65707138651086
19.869977319387957,61.421942272365364,1.7581789943207184
20.10732008561961,65.60355825762002,1.806286358664156
26.42417045282026,77.65246865304051,1.7142610295453768
34.39630403406466,105.80067694922467,1.7538333885715427
17.794654108617056,49.365355603127476,1.6655833071196942
23.920136827673232,75.77953195269639,1.7798939607984412
19.001321937731962,53.3537005857417,1.6756772193343548
35.16918591853879,103.10712447460608,1.712234248942601
39.03391819711108,134.21354128825237,1.8542875994177839
21.4211931450728,62.39168058688527,1.7066384010358517
22.55228842051109,55.944257120314184,1.5750068504803245
16.814484181988625,57.05042881092975,1.8419917555589667
29.987909078397898,95.06780146636372,1.7805067832810126
16.317161586775747,55.41737242317363,1.8428952807999057
20.630623073873878,62.97183804732661,1.747096978729034
28.525565006729376,86.15317015028378,1.7378748716902552
19.959700673283603,61.38865306911409,1.753747400355826
28.090214901517093,69.99662268198342,1.5785597030795313
28.49505035695011,90.89602965795989,1.78602585850661
27.721841631654645,78.44240759683328,1.6821488317908808
18.935839710861075,60.54268991699984,1.7880866966547502
37.737777558801696,115.92824632035986,1.7526955054916074
27.8114655376713,74.7180151335796,1.6390821691474053
33.769916827462154,105.43958771725771,1.767001239084379
26.70162632110576,79.16231450984421,1.7218304535267714
36.23811841879882,117.19130534873794,1.7983113111203928
30.254909242828507,77.85251600057639,1.6041257080874
36.027959419667795,118.5622847469308,1.8140675194414455
39.152552836585386,113.30878546442605,1.7011858043774
34.7132925999806,108.38975018350149,1.7670392779416098
37.16952402058293,100.10585212697735,1.6411044894467386
17.219629254909364,50.00196923908253,1.7040473409849821
18.06997830064969,68.63461301859252,1.9489144657545718
26.434691160795357,87.06731009558767,1.814848777497986
35.74583343974094,116.61843122242841,1.8062209852587674
27.253120500296482,79.28714407990425,1.7056631592513334
39.77545664243969,129.52752295348049,1.804568794281169
30.11907754895902,91.25175290049452,1.740603187739358
26.522954932968872,71.82395519375851,1.6455978258099708
27.999550625791915,90.16388836031349,1.7944889386962783
26.938072824377606,79.91706880809356,1.722409895540491
25.071564645148133,81.25818828737941,1.8002915731872031
34.77622616778997,106.0192732532519,1.74602792633078
36.12991742298875,83.77337077333843,1.5227181023103267
29.58731164947985,86.43033866560621,1.7091506882602876
22.907549423188538,71.87989336092822,1.7713908455972638
34.793136931327915,135.64080242623123,1.9744601914102016
33.04934016336478,94.69053223989958,1.6926683833018157
33.423758088157584,99.38395924629197,1.7243701939581906
18.961840171288557,58.26970542546389,1.752996990418138
